Order #,Date Created,Time Created,Shipped Quantity,Ship Date,Order Type,SKU,Unit cube F ,Large Lines,Timestamp,Time Bucket,Hour
C01557500001,20260101,60,1,20260101,eCom,680487.0,0.44508957,OK,12:01:00 AM,12AM-2AM,0
C01557500001,20260101,60,1,20260101,eCom,36225.0,1.015657023,large,12:01:00 AM,12AM-2AM,0
C01557500001,20260101,60,1,20260101,eCom,117473.0,0.06280658,OK,12:01:00 AM,12AM-2AM,0
C01557500002,20260101,60,1,20260101,eCom,156316.0,0.448676838,OK,12:01:00 AM,12AM-2AM,0
C01557500003,20260101,60,2,20260101,eCom,266787.0,1.399297396,large,12:01:00 AM,12AM-2AM,0
C01557500003,20260101,60,2,20260101,eCom,36225.0,0.687098528,OK,12:01:00 AM,12AM-2AM,0
C01557500004,20260101,60,1,20260101,eCom,782246.0,0.194564228,OK,12:01:00 AM,12AM-2AM,0
C01557500005,20260101,60,1,20260101,eCom,298389.0,1.616185264,large,12:01:00 AM,12AM-2AM,0
C01557500006,20260101,60,1,20260101,eCom,126739.0,1.660515282,large,12:01:00 AM,12AM-2AM,0
C01557500006,20260101,60,1,20260101,eCom,787572.0,1.240854307,large,12:01:00 AM,12AM-2AM,0
C01557500006,20260101,60,1,20260101,eCom,117473.0,1.724796732,large,12:01:00 AM,12AM-2AM,0
C01557500007,20260101,60,1,20260101,eCom,156316.0,0.585882048,OK,12:01:00 AM,12AM-2AM,0
C01557500007,20260101,60,1,20260101,eCom,36225.0,0.168786034,OK,12:01:00 AM,12AM-2AM,0
C01557500008,20260101,60,1,20260101,eCom,36225.0,1.275012044,large,12:01:00 AM,12AM-2AM,0
C01557500009,20260101,120,1,20260101,eCom,117473.0,0.541285866,OK,12:02:00 AM,12AM-2AM,0
C01557500010,20260101,120,1,20260101,eCom,156316.0,0.537111531,OK,12:02:00 AM,12AM-2AM,0
C01557500010,20260101,120,1,20260101,eCom,126739.0,0.50078874,OK,12:02:00 AM,12AM-2AM,0
C01557500010,20260101,120,1,20260101,eCom,36225.0,1.127122587,large,12:02:00 AM,12AM-2AM,0
C01557500010,20260101,120,1,20260101,eCom,244053.0,0.532855801,OK,12:02:00 AM,12AM-2AM,0
C01557500010,20260101,120,1,20260101,eCom,117473.0,1.173326121,large,12:02:00 AM,12AM-2AM,0
C01557500010,20260101,120,1,20260101,eCom,787572.0,1.796667538,large,12:02:00 AM,12AM-2AM,0
C01557500010,20260101,120,1,20260101,eCom,298389.0,0.804807005,OK,12:02:00 AM,12AM-2AM,0
C01557500010,20260101,120,1,20260101,eCom,782246.0,0.446448311,OK,12:02:00 AM,12AM-2AM,0
C01557500010,20260101,120,1,20260101,eCom,680487.0,1.995099837,large,12:02:00 AM,12AM-2AM,0
C01557500011,20260101,120,2,20260101,eCom,36225.0,0.850098334,OK,12:02:00 AM,12AM-2AM,0
C01557500011,20260101,120,2,20260101,eCom,156316.0,0.136420135,OK,12:02:00 AM,12AM-2AM,0
C01557500012,20260101,120,1,20260101,eCom,787572.0,1.942445971,large,12:02:00 AM,12AM-2AM,0
C01557500013,20260101,120,2,20260101,eCom,36225.0,0.534144211,OK,12:02:00 AM,12AM-2AM,0
C01557500013,20260101,120,2,20260101,eCom,244053.0,1.006166365,large,12:02:00 AM,12AM-2AM,0
C01557500013,20260101,120,2,20260101,eCom,156316.0,0.365517242,OK,12:02:00 AM,12AM-2AM,0
C01557500013,20260101,120,2,20260101,eCom,126739.0,1.8261294,large,12:02:00 AM,12AM-2AM,0
C01557500013,20260101,120,2,20260101,eCom,117473.0,1.742331954,large,12:02:00 AM,12AM-2AM,0
C01557500013,20260101,120,2,20260101,eCom,782246.0,0.603905135,OK,12:02:00 AM,12AM-2AM,0
C01557500014,20260101,120,2,20260101,eCom,126739.0,1.08336427,large,12:02:00 AM,12AM-2AM,0
C01557500014,20260101,120,2,20260101,eCom,36225.0,1.559466692,large,12:02:00 AM,12AM-2AM,0
C01557500015,20260101,120,2,20260101,eCom,36225.0,1.665014403,large,12:02:00 AM,12AM-2AM,0
C01557500015,20260101,120,2,20260101,eCom,782246.0,0.62195311,OK,12:02:00 AM,12AM-2AM,0
C01557500016,20260101,180,3,20260101,eCom,298389.0,0.18045037,OK,12:03:00 AM,12AM-2AM,0
C01557500017,20260101,180,2,20260101,eCom,36225.0,0.265499014,OK,12:03:00 AM,12AM-2AM,0
C01557500017,20260101,180,2,20260101,eCom,244053.0,0.955811932,OK,12:03:00 AM,12AM-2AM,0
C01557500018,20260101,180,1,20260101,eCom,36225.0,0.431478429,OK,12:03:00 AM,12AM-2AM,0
C01557500018,20260101,180,1,20260101,eCom,298389.0,1.083199217,large,12:03:00 AM,12AM-2AM,0
C01557500019,20260101,180,1,20260101,eCom,36225.0,1.039975924,large,12:03:00 AM,12AM-2AM,0
C01557500019,20260101,180,1,20260101,eCom,787572.0,0.25079835,OK,12:03:00 AM,12AM-2AM,0
C01557500019,20260101,180,1,20260101,eCom,156316.0,0.457147701,OK,12:03:00 AM,12AM-2AM,0
C01557500020,20260101,180,1,20260101,eCom,126739.0,0.448232595,OK,12:03:00 AM,12AM-2AM,0
C01557500021,20260101,180,1,20260101,eCom,156316.0,1.811785826,large,12:03:00 AM,12AM-2AM,0
C01557500022,20260101,180,2,20260101,eCom,36225.0,0.38891573,OK,12:03:00 AM,12AM-2AM,0
C01557500022,20260101,180,2,20260101,eCom,156316.0,0.20289232,OK,12:03:00 AM,12AM-2AM,0
C01557500022,20260101,180,2,20260101,eCom,782246.0,0.867791853,OK,12:03:00 AM,12AM-2AM,0
C01557500022,20260101,180,2,20260101,eCom,126739.0,0.85292146,OK,12:03:00 AM,12AM-2AM,0
C01557500022,20260101,180,2,20260101,eCom,117473.0,0.939379089,OK,12:03:00 AM,12AM-2AM,0
C01557500022,20260101,180,2,20260101,eCom,266787.0,1.46086094,large,12:03:00 AM,12AM-2AM,0
C01557500023,20260101,240,1,20260101,eCom,787572.0,1.724728347,large,12:04:00 AM,12AM-2AM,0
C01557500023,20260101,240,1,20260101,eCom,36225.0,0.504826105,OK,12:04:00 AM,12AM-2AM,0
C01557500023,20260101,240,1,20260101,eCom,117473.0,0.388515728,OK,12:04:00 AM,12AM-2AM,0
C01557500024,20260101,240,1,20260101,eCom,117473.0,0.507114831,OK,12:04:00 AM,12AM-2AM,0
C01557500025,20260101,300,4,20260101,eCom,117473.0,1.115978964,large,12:05:00 AM,12AM-2AM,0
C01557500025,20260101,300,4,20260101,eCom,298389.0,1.439632468,large,12:05:00 AM,12AM-2AM,0
C01557500025,20260101,300,4,20260101,eCom,126739.0,0.318045682,OK,12:05:00 AM,12AM-2AM,0
C01557500025,20260101,300,4,20260101,eCom,36225.0,0.600448573,OK,12:05:00 AM,12AM-2AM,0
C01557500025,20260101,300,4,20260101,eCom,787572.0,1.937731636,large,12:05:00 AM,12AM-2AM,0
C01557500025,20260101,300,4,20260101,eCom,266787.0,1.162568779,large,12:05:00 AM,12AM-2AM,0
C01557500025,20260101,300,4,20260101,eCom,680487.0,1.088968451,large,12:05:00 AM,12AM-2AM,0
C01557500025,20260101,300,4,20260101,eCom,782246.0,1.498471365,large,12:05:00 AM,12AM-2AM,0
C01557500026,20260101,300,1,20260101,eCom,126739.0,1.706912585,large,12:05:00 AM,12AM-2AM,0
C01557500027,20260101,300,1,20260101,eCom,782246.0,0.379791672,OK,12:05:00 AM,12AM-2AM,0
C01557500028,20260101,300,1,20260101,eCom,156316.0,1.781671755,large,12:05:00 AM,12AM-2AM,0
C01557500028,20260101,300,1,20260101,eCom,36225.0,0.499968542,OK,12:05:00 AM,12AM-2AM,0
C01557500029,20260101,300,1,20260101,eCom,126739.0,1.050337604,large,12:05:00 AM,12AM-2AM,0
C01557500029,20260101,300,1,20260101,eCom,117473.0,1.870065453,large,12:05:00 AM,12AM-2AM,0
C01557500030,20260101,300,1,20260101,eCom,244053.0,0.797613835,OK,12:05:00 AM,12AM-2AM,0
C01557500031,20260101,360,4,20260101,eCom,36225.0,1.992231931,large,12:06:00 AM,12AM-2AM,0
C01557500031,20260101,360,4,20260101,eCom,244053.0,0.155788835,OK,12:06:00 AM,12AM-2AM,0
C01557500031,20260101,360,4,20260101,eCom,117473.0,0.434177081,OK,12:06:00 AM,12AM-2AM,0
C01557500032,20260101,360,2,20260101,eCom,782246.0,1.759747783,large,12:06:00 AM,12AM-2AM,0
C01557500033,20260101,360,2,20260101,eCom,36225.0,1.410044451,large,12:06:00 AM,12AM-2AM,0
C01557500034,20260101,420,1,20260101,eCom,787572.0,1.636037229,large,12:07:00 AM,12AM-2AM,0
C01557500034,20260101,420,1,20260101,eCom,156316.0,0.605763717,OK,12:07:00 AM,12AM-2AM,0
C01557500035,20260101,420,1,20260101,eCom,782246.0,1.213611356,large,12:07:00 AM,12AM-2AM,0
C01557500035,20260101,420,1,20260101,eCom,36225.0,1.438048252,large,12:07:00 AM,12AM-2AM,0
C01557500035,20260101,420,1,20260101,eCom,126739.0,0.415158652,OK,12:07:00 AM,12AM-2AM,0
C01557500036,20260101,420,3,20260101,eCom,36225.0,1.693746389,large,12:07:00 AM,12AM-2AM,0
C01557500036,20260101,420,3,20260101,eCom,117473.0,0.193673951,OK,12:07:00 AM,12AM-2AM,0
C01557500037,20260101,420,1,20260101,eCom,36225.0,1.544527254,large,12:07:00 AM,12AM-2AM,0
C01557500038,20260101,420,1,20260101,eCom,36225.0,0.861096969,OK,12:07:00 AM,12AM-2AM,0
C01557500038,20260101,420,1,20260101,eCom,244053.0,0.029242702,OK,12:07:00 AM,12AM-2AM,0
C01557500039,20260101,420,3,20260101,eCom,298389.0,1.095724676,large,12:07:00 AM,12AM-2AM,0
C01557500040,20260101,420,1,20260101,eCom,126739.0,0.317561143,OK,12:07:00 AM,12AM-2AM,0
C01557500040,20260101,420,1,20260101,eCom,36225.0,1.860463221,large,12:07:00 AM,12AM-2AM,0
C01557500040,20260101,420,1,20260101,eCom,680487.0,1.730565335,large,12:07:00 AM,12AM-2AM,0
C01557500040,20260101,420,1,20260101,eCom,266787.0,1.952650006,large,12:07:00 AM,12AM-2AM,0
C01557500040,20260101,420,1,20260101,eCom,298389.0,1.623435723,large,12:07:00 AM,12AM-2AM,0
C01557500040,20260101,420,1,20260101,eCom,117473.0,1.764018247,large,12:07:00 AM,12AM-2AM,0
C01557500041,20260101,420,1,20260101,eCom,244053.0,1.862323613,large,12:07:00 AM,12AM-2AM,0
C01557500042,20260101,480,1,20260101,eCom,298389.0,1.28654866,large,12:08:00 AM,12AM-2AM,0
C01557500042,20260101,480,1,20260101,eCom,266787.0,0.805359985,OK,12:08:00 AM,12AM-2AM,0
C01557500042,20260101,480,1,20260101,eCom,36225.0,1.962487878,large,12:08:00 AM,12AM-2AM,0
C01557500042,20260101,480,1,20260101,eCom,117473.0,1.077069308,large,12:08:00 AM,12AM-2AM,0
C01557500042,20260101,480,1,20260101,eCom,787572.0,1.879081909,large,12:08:00 AM,12AM-2AM,0
C01557500043,20260101,480,1,20260101,eCom,787572.0,1.925443288,large,12:08:00 AM,12AM-2AM,0
C01557500044,20260101,480,1,20260101,eCom,36225.0,1.459804671,large,12:08:00 AM,12AM-2AM,0
C01557500045,20260101,540,1,20260101,eCom,126739.0,0.776538912,OK,12:09:00 AM,12AM-2AM,0
C01557500046,20260101,540,1,20260101,eCom,36225.0,1.851894579,large,12:09:00 AM,12AM-2AM,0
C01557500046,20260101,540,1,20260101,eCom,156316.0,1.081519474,large,12:09:00 AM,12AM-2AM,0
C01557500047,20260101,540,1,20260101,eCom,244053.0,1.331832993,large,12:09:00 AM,12AM-2AM,0
C01557500047,20260101,540,1,20260101,eCom,156316.0,0.667098072,OK,12:09:00 AM,12AM-2AM,0
C01557500047,20260101,540,1,20260101,eCom,117473.0,0.634692134,OK,12:09:00 AM,12AM-2AM,0
C01557500048,20260101,540,1,20260101,eCom,244053.0,0.60889025,OK,12:09:00 AM,12AM-2AM,0
C01557500048,20260101,540,1,20260101,eCom,36225.0,1.100395054,large,12:09:00 AM,12AM-2AM,0
C01557500048,20260101,540,1,20260101,eCom,117473.0,0.01080782,OK,12:09:00 AM,12AM-2AM,0
C01557500048,20260101,540,1,20260101,eCom,782246.0,0.580958297,OK,12:09:00 AM,12AM-2AM,0
C01557500048,20260101,540,1,20260101,eCom,156316.0,0.865477418,OK,12:09:00 AM,12AM-2AM,0
C01557500048,20260101,540,1,20260101,eCom,680487.0,1.164169715,large,12:09:00 AM,12AM-2AM,0
C01557500049,20260101,540,2,20260101,eCom,117473.0,0.347685878,OK,12:09:00 AM,12AM-2AM,0
C01557500049,20260101,540,2,20260101,eCom,36225.0,0.178743118,OK,12:09:00 AM,12AM-2AM,0
C01557500049,20260101,540,2,20260101,eCom,680487.0,1.0357495,large,12:09:00 AM,12AM-2AM,0
C01557500050,20260101,540,2,20260101,eCom,36225.0,1.348863384,large,12:09:00 AM,12AM-2AM,0
C01557500050,20260101,540,2,20260101,eCom,266787.0,0.457034925,OK,12:09:00 AM,12AM-2AM,0
C01557500051,20260101,540,1,20260101,eCom,36225.0,0.955521325,OK,12:09:00 AM,12AM-2AM,0
C01557500052,20260101,600,1,20260101,eCom,36225.0,0.505904577,OK,12:10:00 AM,12AM-2AM,0
C01557500052,20260101,600,1,20260101,eCom,117473.0,1.698189331,large,12:10:00 AM,12AM-2AM,0
C01557500052,20260101,600,1,20260101,eCom,156316.0,0.918359033,OK,12:10:00 AM,12AM-2AM,0
C01557500052,20260101,600,1,20260101,eCom,244053.0,1.604819037,large,12:10:00 AM,12AM-2AM,0
C01557500052,20260101,600,1,20260101,eCom,782246.0,1.338479688,large,12:10:00 AM,12AM-2AM,0
C01557500052,20260101,600,1,20260101,eCom,126739.0,1.975905982,large,12:10:00 AM,12AM-2AM,0
C01557500053,20260101,600,1,20260101,eCom,782246.0,1.441355183,large,12:10:00 AM,12AM-2AM,0
C01557500053,20260101,600,1,20260101,eCom,680487.0,1.014508548,large,12:10:00 AM,12AM-2AM,0
C01557500054,20260101,600,1,20260101,eCom,126739.0,1.278946259,large,12:10:00 AM,12AM-2AM,0
C01557500054,20260101,600,1,20260101,eCom,680487.0,1.533969232,large,12:10:00 AM,12AM-2AM,0
C01557500054,20260101,600,1,20260101,eCom,244053.0,1.047386628,large,12:10:00 AM,12AM-2AM,0
C01557500054,20260101,600,1,20260101,eCom,117473.0,1.25722939,large,12:10:00 AM,12AM-2AM,0
C01557500054,20260101,600,1,20260101,eCom,36225.0,0.556448919,OK,12:10:00 AM,12AM-2AM,0
C01557500055,20260101,600,1,20260101,eCom,36225.0,0.646222041,OK,12:10:00 AM,12AM-2AM,0
C01557500056,20260101,600,2,20260101,eCom,36225.0,0.137815413,OK,12:10:00 AM,12AM-2AM,0
C01557500056,20260101,600,2,20260101,eCom,156316.0,0.821122746,OK,12:10:00 AM,12AM-2AM,0
C01557500057,20260101,600,1,20260101,eCom,117473.0,1.810628572,large,12:10:00 AM,12AM-2AM,0
C01557500057,20260101,600,1,20260101,eCom,36225.0,1.172318034,large,12:10:00 AM,12AM-2AM,0
C01557500058,20260101,600,1,20260101,eCom,298389.0,0.710000017,OK,12:10:00 AM,12AM-2AM,0
C01557500058,20260101,600,1,20260101,eCom,244053.0,1.509415499,large,12:10:00 AM,12AM-2AM,0
C01557500058,20260101,600,1,20260101,eCom,117473.0,1.708361422,large,12:10:00 AM,12AM-2AM,0
C01557500059,20260101,600,1,20260101,eCom,117473.0,0.250899579,OK,12:10:00 AM,12AM-2AM,0
C01557500059,20260101,600,1,20260101,eCom,244053.0,1.96785026,large,12:10:00 AM,12AM-2AM,0
C01557500059,20260101,600,1,20260101,eCom,126739.0,1.567444339,large,12:10:00 AM,12AM-2AM,0
C01557500059,20260101,600,1,20260101,eCom,36225.0,0.700935493,OK,12:10:00 AM,12AM-2AM,0
C01557500059,20260101,600,1,20260101,eCom,156316.0,0.862472246,OK,12:10:00 AM,12AM-2AM,0
C01557500059,20260101,600,1,20260101,eCom,266787.0,0.747436044,OK,12:10:00 AM,12AM-2AM,0
C01557500059,20260101,600,1,20260101,eCom,787572.0,1.016861971,large,12:10:00 AM,12AM-2AM,0
C01557500059,20260101,600,1,20260101,eCom,782246.0,0.689050038,OK,12:10:00 AM,12AM-2AM,0
C01557500059,20260101,600,1,20260101,eCom,298389.0,1.700655498,large,12:10:00 AM,12AM-2AM,0
C01557500060,20260101,660,2,20260101,eCom,36225.0,1.931292725,large,12:11:00 AM,12AM-2AM,0
C01557500060,20260101,660,2,20260101,eCom,782246.0,0.547463969,OK,12:11:00 AM,12AM-2AM,0
C01557500060,20260101,660,2,20260101,eCom,156316.0,1.618316445,large,12:11:00 AM,12AM-2AM,0
C01557500060,20260101,660,2,20260101,eCom,266787.0,1.080964084,large,12:11:00 AM,12AM-2AM,0
C01557500060,20260101,660,2,20260101,eCom,117473.0,0.972160033,OK,12:11:00 AM,12AM-2AM,0
C01557500061,20260101,660,1,20260101,eCom,244053.0,1.704909188,large,12:11:00 AM,12AM-2AM,0
C01557500062,20260101,660,1,20260101,eCom,36225.0,1.76183676,large,12:11:00 AM,12AM-2AM,0
C01557500062,20260101,660,1,20260101,eCom,298389.0,1.405355663,large,12:11:00 AM,12AM-2AM,0
C01557500062,20260101,660,1,20260101,eCom,117473.0,0.559774466,OK,12:11:00 AM,12AM-2AM,0
C01557500062,20260101,660,1,20260101,eCom,126739.0,0.030200718,OK,12:11:00 AM,12AM-2AM,0
C01557500062,20260101,660,1,20260101,eCom,266787.0,1.89664453,large,12:11:00 AM,12AM-2AM,0
C01557500063,20260101,660,1,20260101,eCom,244053.0,1.51874766,large,12:11:00 AM,12AM-2AM,0
C01557500064,20260101,660,1,20260101,eCom,156316.0,0.450976837,OK,12:11:00 AM,12AM-2AM,0
C01557500064,20260101,660,1,20260101,eCom,117473.0,1.386656439,large,12:11:00 AM,12AM-2AM,0
C01557500064,20260101,660,1,20260101,eCom,266787.0,0.61935,OK,12:11:00 AM,12AM-2AM,0
C01557500065,20260101,720,1,20260101,eCom,117473.0,1.494411519,large,12:12:00 AM,12AM-2AM,0
C01557500065,20260101,720,1,20260101,eCom,126739.0,0.668274681,OK,12:12:00 AM,12AM-2AM,0
C01557500066,20260101,720,1,20260101,eCom,36225.0,0.440605433,OK,12:12:00 AM,12AM-2AM,0
C01557500066,20260101,720,1,20260101,eCom,126739.0,0.973555189,OK,12:12:00 AM,12AM-2AM,0
C01557500066,20260101,720,1,20260101,eCom,244053.0,1.451924152,large,12:12:00 AM,12AM-2AM,0
C01557500067,20260101,720,1,20260101,eCom,126739.0,1.832984848,large,12:12:00 AM,12AM-2AM,0
C01557500067,20260101,720,1,20260101,eCom,36225.0,0.371163403,OK,12:12:00 AM,12AM-2AM,0
C01557500067,20260101,720,1,20260101,eCom,787572.0,1.174805954,large,12:12:00 AM,12AM-2AM,0
C01557500067,20260101,720,1,20260101,eCom,156316.0,1.273221592,large,12:12:00 AM,12AM-2AM,0
C01557500067,20260101,720,1,20260101,eCom,298389.0,0.988534346,OK,12:12:00 AM,12AM-2AM,0
C01557500067,20260101,720,1,20260101,eCom,117473.0,0.191572389,OK,12:12:00 AM,12AM-2AM,0
C01557500067,20260101,720,1,20260101,eCom,782246.0,0.702442502,OK,12:12:00 AM,12AM-2AM,0
C01557500067,20260101,720,1,20260101,eCom,266787.0,0.673283703,OK,12:12:00 AM,12AM-2AM,0
C01557500067,20260101,720,1,20260101,eCom,244053.0,1.343565684,large,12:12:00 AM,12AM-2AM,0
C01557500067,20260101,720,1,20260101,eCom,680487.0,1.716888858,large,12:12:00 AM,12AM-2AM,0
C01557500068,20260101,720,1,20260101,eCom,156316.0,1.890935144,large,12:12:00 AM,12AM-2AM,0
C01557500069,20260101,720,1,20260101,eCom,126739.0,0.832362666,OK,12:12:00 AM,12AM-2AM,0
C01557500069,20260101,720,1,20260101,eCom,117473.0,0.383289257,OK,12:12:00 AM,12AM-2AM,0
C01557500069,20260101,720,1,20260101,eCom,36225.0,0.729940925,OK,12:12:00 AM,12AM-2AM,0
C01557500069,20260101,720,1,20260101,eCom,787572.0,1.515321877,large,12:12:00 AM,12AM-2AM,0
C01557500069,20260101,720,1,20260101,eCom,156316.0,1.254563397,large,12:12:00 AM,12AM-2AM,0
C01557500070,20260101,720,1,20260101,eCom,36225.0,0.251637906,OK,12:12:00 AM,12AM-2AM,0
C01557500070,20260101,720,1,20260101,eCom,126739.0,1.946562163,large,12:12:00 AM,12AM-2AM,0
C01557500070,20260101,720,1,20260101,eCom,680487.0,1.221654617,large,12:12:00 AM,12AM-2AM,0
C01557500070,20260101,720,1,20260101,eCom,117473.0,0.48620195,OK,12:12:00 AM,12AM-2AM,0
C01557500071,20260101,780,1,20260101,eCom,126739.0,0.195486311,OK,12:13:00 AM,12AM-2AM,0
C01557500072,20260101,780,3,20260101,eCom,680487.0,0.294804263,OK,12:13:00 AM,12AM-2AM,0
C01557500072,20260101,780,3,20260101,eCom,117473.0,0.927688328,OK,12:13:00 AM,12AM-2AM,0
C01557500072,20260101,780,3,20260101,eCom,36225.0,0.515414905,OK,12:13:00 AM,12AM-2AM,0
C01557500072,20260101,780,3,20260101,eCom,266787.0,0.518100149,OK,12:13:00 AM,12AM-2AM,0
C01557500072,20260101,780,3,20260101,eCom,244053.0,0.028700889,OK,12:13:00 AM,12AM-2AM,0
C01557500072,20260101,780,3,20260101,eCom,787572.0,1.611219823,large,12:13:00 AM,12AM-2AM,0
C01557500072,20260101,780,3,20260101,eCom,126739.0,1.803406753,large,12:13:00 AM,12AM-2AM,0
C01557500072,20260101,780,3,20260101,eCom,298389.0,1.358445663,large,12:13:00 AM,12AM-2AM,0
C01557500072,20260101,780,3,20260101,eCom,782246.0,0.324371488,OK,12:13:00 AM,12AM-2AM,0
C01557500072,20260101,780,3,20260101,eCom,156316.0,0.889042269,OK,12:13:00 AM,12AM-2AM,0
C01557500073,20260101,840,1,20260101,eCom,126739.0,0.854374788,OK,12:14:00 AM,12AM-2AM,0
C01557500074,20260101,840,1,20260101,eCom,298389.0,0.775539565,OK,12:14:00 AM,12AM-2AM,0
C01557500075,20260101,840,1,20260101,eCom,36225.0,1.985457167,large,12:14:00 AM,12AM-2AM,0
C01557500075,20260101,840,1,20260101,eCom,126739.0,0.5975092,OK,12:14:00 AM,12AM-2AM,0
C01557500076,20260101,900,4,20260101,eCom,156316.0,0.723760944,OK,12:15:00 AM,12AM-2AM,0
C01557500076,20260101,900,4,20260101,eCom,36225.0,0.802297889,OK,12:15:00 AM,12AM-2AM,0
C01557500076,20260101,900,4,20260101,eCom,126739.0,0.387719039,OK,12:15:00 AM,12AM-2AM,0
C01557500076,20260101,900,4,20260101,eCom,244053.0,0.253097841,OK,12:15:00 AM,12AM-2AM,0
C01557500076,20260101,900,4,20260101,eCom,117473.0,1.697586045,large,12:15:00 AM,12AM-2AM,0
C01557500076,20260101,900,4,20260101,eCom,680487.0,0.914887563,OK,12:15:00 AM,12AM-2AM,0
C01557500076,20260101,900,4,20260101,eCom,266787.0,1.328909789,large,12:15:00 AM,12AM-2AM,0
C01557500076,20260101,900,4,20260101,eCom,298389.0,1.28699189,large,12:15:00 AM,12AM-2AM,0
C01557500076,20260101,900,4,20260101,eCom,787572.0,1.198320459,large,12:15:00 AM,12AM-2AM,0
C01557500076,20260101,900,4,20260101,eCom,782246.0,0.052501335,OK,12:15:00 AM,12AM-2AM,0
C01557500077,20260101,900,1,20260101,eCom,36225.0,0.303632818,OK,12:15:00 AM,12AM-2AM,0
C01557500077,20260101,900,1,20260101,eCom,126739.0,1.802056761,large,12:15:00 AM,12AM-2AM,0
C01557500077,20260101,900,1,20260101,eCom,244053.0,0.015642747,OK,12:15:00 AM,12AM-2AM,0
C01557500077,20260101,900,1,20260101,eCom,298389.0,1.718228191,large,12:15:00 AM,12AM-2AM,0
C01557500078,20260101,900,1,20260101,eCom,36225.0,0.357249271,OK,12:15:00 AM,12AM-2AM,0
C01557500079,20260101,900,1,20260101,eCom,36225.0,1.493873897,large,12:15:00 AM,12AM-2AM,0
C01557500079,20260101,900,1,20260101,eCom,266787.0,0.957729471,OK,12:15:00 AM,12AM-2AM,0
C01557500079,20260101,900,1,20260101,eCom,244053.0,1.558253908,large,12:15:00 AM,12AM-2AM,0
C01557500080,20260101,900,3,20260101,eCom,36225.0,0.096296423,OK,12:15:00 AM,12AM-2AM,0
C01557500080,20260101,900,3,20260101,eCom,117473.0,1.568621722,large,12:15:00 AM,12AM-2AM,0
C01557500081,20260101,960,1,20260101,eCom,126739.0,0.17077305,OK,12:16:00 AM,12AM-2AM,0
C01557500081,20260101,960,1,20260101,eCom,117473.0,1.220511873,large,12:16:00 AM,12AM-2AM,0
C01557500081,20260101,960,1,20260101,eCom,782246.0,0.140707644,OK,12:16:00 AM,12AM-2AM,0
C01557500081,20260101,960,1,20260101,eCom,36225.0,0.557281839,OK,12:16:00 AM,12AM-2AM,0
C01557500081,20260101,960,1,20260101,eCom,156316.0,1.269822681,large,12:16:00 AM,12AM-2AM,0
C01557500081,20260101,960,1,20260101,eCom,680487.0,1.101229304,large,12:16:00 AM,12AM-2AM,0
C01557500082,20260101,960,1,20260101,eCom,787572.0,0.912893681,OK,12:16:00 AM,12AM-2AM,0
C01557500083,20260101,960,2,20260101,eCom,36225.0,1.305324163,large,12:16:00 AM,12AM-2AM,0
C01557500083,20260101,960,2,20260101,eCom,156316.0,1.540235833,large,12:16:00 AM,12AM-2AM,0
C01557500084,20260101,1020,1,20260101,eCom,36225.0,0.31375146,OK,12:17:00 AM,12AM-2AM,0
C01557500084,20260101,1020,1,20260101,eCom,117473.0,1.846740221,large,12:17:00 AM,12AM-2AM,0
C01557500084,20260101,1020,1,20260101,eCom,156316.0,0.143595283,OK,12:17:00 AM,12AM-2AM,0
C01557500085,20260101,1020,1,20260101,eCom,36225.0,1.503065658,large,12:17:00 AM,12AM-2AM,0
C01557500085,20260101,1020,1,20260101,eCom,244053.0,1.737503376,large,12:17:00 AM,12AM-2AM,0
C01557500085,20260101,1020,1,20260101,eCom,266787.0,1.444910751,large,12:17:00 AM,12AM-2AM,0
C01557500085,20260101,1020,1,20260101,eCom,126739.0,1.937113264,large,12:17:00 AM,12AM-2AM,0
C01557500085,20260101,1020,1,20260101,eCom,117473.0,1.204816082,large,12:17:00 AM,12AM-2AM,0
C01557500086,20260101,1020,1,20260101,eCom,126739.0,1.316905243,large,12:17:00 AM,12AM-2AM,0
C01557500087,20260101,1020,2,20260101,eCom,36225.0,0.741446491,OK,12:17:00 AM,12AM-2AM,0
C01557500088,20260101,1020,2,20260101,eCom,126739.0,1.231010828,large,12:17:00 AM,12AM-2AM,0
C01557500088,20260101,1020,2,20260101,eCom,266787.0,1.288971336,large,12:17:00 AM,12AM-2AM,0
C01557500088,20260101,1020,2,20260101,eCom,298389.0,0.062245125,OK,12:17:00 AM,12AM-2AM,0
C01557500088,20260101,1020,2,20260101,eCom,787572.0,1.858877739,large,12:17:00 AM,12AM-2AM,0
C01557500089,20260101,1020,1,20260101,eCom,36225.0,1.270012305,large,12:17:00 AM,12AM-2AM,0
C01557500089,20260101,1020,1,20260101,eCom,156316.0,0.071007626,OK,12:17:00 AM,12AM-2AM,0
C01557500089,20260101,1020,1,20260101,eCom,298389.0,1.494762406,large,12:17:00 AM,12AM-2AM,0
C01557500089,20260101,1020,1,20260101,eCom,126739.0,0.438114431,OK,12:17:00 AM,12AM-2AM,0
C01557500089,20260101,1020,1,20260101,eCom,117473.0,0.845466663,OK,12:17:00 AM,12AM-2AM,0
C01557500090,20260101,1020,2,20260101,eCom,117473.0,1.555902884,large,12:17:00 AM,12AM-2AM,0
C01557500091,20260101,1020,1,20260101,eCom,36225.0,0.551484659,OK,12:17:00 AM,12AM-2AM,0
C01557500091,20260101,1020,1,20260101,eCom,126739.0,1.327257999,large,12:17:00 AM,12AM-2AM,0
C01557500092,20260101,1020,2,20260101,eCom,117473.0,0.236496841,OK,12:17:00 AM,12AM-2AM,0
C01557500092,20260101,1020,2,20260101,eCom,36225.0,0.86552813,OK,12:17:00 AM,12AM-2AM,0
C01557500093,20260101,1080,1,20260101,eCom,156316.0,1.337593792,large,12:18:00 AM,12AM-2AM,0
C01557500094,20260101,1080,1,20260101,eCom,117473.0,0.025297301,OK,12:18:00 AM,12AM-2AM,0
C01557500095,20260101,1080,1,20260101,eCom,36225.0,0.518483813,OK,12:18:00 AM,12AM-2AM,0
C01557500096,20260101,1080,2,20260101,eCom,36225.0,0.359632656,OK,12:18:00 AM,12AM-2AM,0
C01557500097,20260101,1080,1,20260101,eCom,156316.0,1.668374863,large,12:18:00 AM,12AM-2AM,0
C01557500098,20260101,1140,1,20260101,eCom,36225.0,0.239195012,OK,12:19:00 AM,12AM-2AM,0
C01557500098,20260101,1140,1,20260101,eCom,298389.0,0.051504552,OK,12:19:00 AM,12AM-2AM,0
C01557500098,20260101,1140,1,20260101,eCom,680487.0,0.656288677,OK,12:19:00 AM,12AM-2AM,0
C01557500098,20260101,1140,1,20260101,eCom,126739.0,1.604631087,large,12:19:00 AM,12AM-2AM,0
C01557500098,20260101,1140,1,20260101,eCom,156316.0,1.240069274,large,12:19:00 AM,12AM-2AM,0
C01557500099,20260101,1140,1,20260101,eCom,680487.0,0.685631429,OK,12:19:00 AM,12AM-2AM,0
C01557500099,20260101,1140,1,20260101,eCom,36225.0,0.672806559,OK,12:19:00 AM,12AM-2AM,0
C01557500099,20260101,1140,1,20260101,eCom,298389.0,0.344584089,OK,12:19:00 AM,12AM-2AM,0
C01557500099,20260101,1140,1,20260101,eCom,126739.0,1.025861736,large,12:19:00 AM,12AM-2AM,0
C01557500099,20260101,1140,1,20260101,eCom,117473.0,0.236913013,OK,12:19:00 AM,12AM-2AM,0
C01557500100,20260101,1140,2,20260101,eCom,680487.0,1.639707717,large,12:19:00 AM,12AM-2AM,0
C01557500100,20260101,1140,2,20260101,eCom,117473.0,1.631923641,large,12:19:00 AM,12AM-2AM,0
C01557500101,20260101,1140,1,20260101,eCom,36225.0,1.208773981,large,12:19:00 AM,12AM-2AM,0
C01557500102,20260101,1140,2,20260101,eCom,156316.0,1.522155528,large,12:19:00 AM,12AM-2AM,0
C01557500102,20260101,1140,2,20260101,eCom,36225.0,0.903321461,OK,12:19:00 AM,12AM-2AM,0
C01557500102,20260101,1140,2,20260101,eCom,244053.0,1.849066974,large,12:19:00 AM,12AM-2AM,0
C01557500102,20260101,1140,2,20260101,eCom,117473.0,1.133338649,large,12:19:00 AM,12AM-2AM,0
C01557500103,20260101,1140,1,20260101,eCom,126739.0,0.310405229,OK,12:19:00 AM,12AM-2AM,0
C01557500103,20260101,1140,1,20260101,eCom,298389.0,0.145889654,OK,12:19:00 AM,12AM-2AM,0
C01557500104,20260101,1140,1,20260101,eCom,36225.0,0.121782519,OK,12:19:00 AM,12AM-2AM,0
C01557500105,20260101,1200,1,20260101,eCom,36225.0,1.665076297,large,12:20:00 AM,12AM-2AM,0
C01557500105,20260101,1200,1,20260101,eCom,117473.0,0.162694692,OK,12:20:00 AM,12AM-2AM,0
C01557500106,20260101,1200,1,20260101,eCom,298389.0,0.956501766,OK,12:20:00 AM,12AM-2AM,0
C01557500106,20260101,1200,1,20260101,eCom,126739.0,0.310213543,OK,12:20:00 AM,12AM-2AM,0
C01557500106,20260101,1200,1,20260101,eCom,117473.0,0.133128663,OK,12:20:00 AM,12AM-2AM,0
C01557500106,20260101,1200,1,20260101,eCom,266787.0,0.215968736,OK,12:20:00 AM,12AM-2AM,0
C01557500106,20260101,1200,1,20260101,eCom,680487.0,1.7992624,large,12:20:00 AM,12AM-2AM,0
C01557500106,20260101,1200,1,20260101,eCom,156316.0,0.693441174,OK,12:20:00 AM,12AM-2AM,0
C01557500107,20260101,1200,1,20260101,eCom,117473.0,0.751975444,OK,12:20:00 AM,12AM-2AM,0
C01557500107,20260101,1200,1,20260101,eCom,36225.0,0.572958221,OK,12:20:00 AM,12AM-2AM,0
C01557500107,20260101,1200,1,20260101,eCom,126739.0,0.823451101,OK,12:20:00 AM,12AM-2AM,0
C01557500108,20260101,1260,2,20260101,eCom,126739.0,1.29813766,large,12:21:00 AM,12AM-2AM,0
C01557500109,20260101,1260,1,20260101,eCom,36225.0,0.575452478,OK,12:21:00 AM,12AM-2AM,0
C01557500110,20260101,1260,1,20260101,eCom,156316.0,1.169651634,large,12:21:00 AM,12AM-2AM,0
C01557500110,20260101,1260,1,20260101,eCom,680487.0,0.291442477,OK,12:21:00 AM,12AM-2AM,0
C01557500110,20260101,1260,1,20260101,eCom,298389.0,0.706143367,OK,12:21:00 AM,12AM-2AM,0
C01557500111,20260101,1320,1,20260101,eCom,156316.0,0.880570395,OK,12:22:00 AM,12AM-2AM,0
C01557500111,20260101,1320,1,20260101,eCom,117473.0,1.893362393,large,12:22:00 AM,12AM-2AM,0
C01557500111,20260101,1320,1,20260101,eCom,126739.0,0.451855634,OK,12:22:00 AM,12AM-2AM,0
C01557500111,20260101,1320,1,20260101,eCom,782246.0,0.907744701,OK,12:22:00 AM,12AM-2AM,0
C01557500111,20260101,1320,1,20260101,eCom,36225.0,0.705674305,OK,12:22:00 AM,12AM-2AM,0
C01557500111,20260101,1320,1,20260101,eCom,266787.0,0.06307368,OK,12:22:00 AM,12AM-2AM,0
C01557500111,20260101,1320,1,20260101,eCom,244053.0,0.115981205,OK,12:22:00 AM,12AM-2AM,0
C01557500111,20260101,1320,1,20260101,eCom,298389.0,1.008994158,large,12:22:00 AM,12AM-2AM,0
C01557500111,20260101,1320,1,20260101,eCom,787572.0,0.479198367,OK,12:22:00 AM,12AM-2AM,0
C01557500111,20260101,1320,1,20260101,eCom,680487.0,1.989105449,large,12:22:00 AM,12AM-2AM,0
C01557500112,20260101,1320,3,20260101,eCom,36225.0,1.679960812,large,12:22:00 AM,12AM-2AM,0
C01557500113,20260101,1320,1,20260101,eCom,266787.0,1.414016989,large,12:22:00 AM,12AM-2AM,0
C01557500113,20260101,1320,1,20260101,eCom,36225.0,0.902716933,OK,12:22:00 AM,12AM-2AM,0
C01557500113,20260101,1320,1,20260101,eCom,156316.0,0.020449885,OK,12:22:00 AM,12AM-2AM,0
C01557500114,20260101,1320,2,20260101,eCom,36225.0,1.102120448,large,12:22:00 AM,12AM-2AM,0
C01557500115,20260101,1380,2,20260101,eCom,126739.0,0.919656097,OK,12:23:00 AM,12AM-2AM,0
C01557500115,20260101,1380,2,20260101,eCom,36225.0,0.230607212,OK,12:23:00 AM,12AM-2AM,0
C01557500115,20260101,1380,2,20260101,eCom,117473.0,1.811242302,large,12:23:00 AM,12AM-2AM,0
C01557500116,20260101,1380,1,20260101,eCom,36225.0,0.295717912,OK,12:23:00 AM,12AM-2AM,0
C01557500116,20260101,1380,1,20260101,eCom,126739.0,0.864185397,OK,12:23:00 AM,12AM-2AM,0
C01557500117,20260101,1380,1,20260101,eCom,36225.0,0.18037177,OK,12:23:00 AM,12AM-2AM,0
C01557500117,20260101,1380,1,20260101,eCom,117473.0,1.949562437,large,12:23:00 AM,12AM-2AM,0
C01557500118,20260101,1380,1,20260101,eCom,126739.0,1.976779656,large,12:23:00 AM,12AM-2AM,0
C01557500119,20260101,1380,4,20260101,eCom,117473.0,0.51476402,OK,12:23:00 AM,12AM-2AM,0
C01557500119,20260101,1380,4,20260101,eCom,156316.0,0.04232204,OK,12:23:00 AM,12AM-2AM,0
C01557500120,20260101,1380,2,20260101,eCom,117473.0,0.358427363,OK,12:23:00 AM,12AM-2AM,0
C01557500120,20260101,1380,2,20260101,eCom,244053.0,1.560493761,large,12:23:00 AM,12AM-2AM,0
C01557500120,20260101,1380,2,20260101,eCom,156316.0,0.93459957,OK,12:23:00 AM,12AM-2AM,0
C01557500120,20260101,1380,2,20260101,eCom,36225.0,1.393824611,large,12:23:00 AM,12AM-2AM,0
C01557500120,20260101,1380,2,20260101,eCom,126739.0,1.267154337,large,12:23:00 AM,12AM-2AM,0
C01557500121,20260101,1440,4,20260101,eCom,36225.0,1.090631088,large,12:24:00 AM,12AM-2AM,0
C01557500121,20260101,1440,4,20260101,eCom,244053.0,0.514094393,OK,12:24:00 AM,12AM-2AM,0
C01557500121,20260101,1440,4,20260101,eCom,117473.0,1.509048928,large,12:24:00 AM,12AM-2AM,0
C01557500121,20260101,1440,4,20260101,eCom,782246.0,0.390295827,OK,12:24:00 AM,12AM-2AM,0
C01557500121,20260101,1440,4,20260101,eCom,126739.0,0.72037861,OK,12:24:00 AM,12AM-2AM,0
C01557500122,20260101,1440,2,20260101,eCom,298389.0,1.790328615,large,12:24:00 AM,12AM-2AM,0
C01557500122,20260101,1440,2,20260101,eCom,36225.0,0.779423089,OK,12:24:00 AM,12AM-2AM,0
C01557500122,20260101,1440,2,20260101,eCom,117473.0,1.947709933,large,12:24:00 AM,12AM-2AM,0
C01557500122,20260101,1440,2,20260101,eCom,680487.0,0.997444421,OK,12:24:00 AM,12AM-2AM,0
C01557500123,20260101,1440,2,20260101,eCom,680487.0,1.456891835,large,12:24:00 AM,12AM-2AM,0
C01557500123,20260101,1440,2,20260101,eCom,126739.0,0.167064742,OK,12:24:00 AM,12AM-2AM,0
C01557500124,20260101,1440,1,20260101,eCom,266787.0,0.169337133,OK,12:24:00 AM,12AM-2AM,0
C01557500124,20260101,1440,1,20260101,eCom,126739.0,1.325229251,large,12:24:00 AM,12AM-2AM,0
C01557500125,20260101,1440,1,20260101,eCom,126739.0,1.382631969,large,12:24:00 AM,12AM-2AM,0
C01557500126,20260101,1500,2,20260101,eCom,36225.0,0.711593028,OK,12:25:00 AM,12AM-2AM,0
C01557500127,20260101,1500,1,20260101,eCom,36225.0,1.106174417,large,12:25:00 AM,12AM-2AM,0
C01557500127,20260101,1500,1,20260101,eCom,787572.0,0.259088887,OK,12:25:00 AM,12AM-2AM,0
C01557500127,20260101,1500,1,20260101,eCom,782246.0,0.612620966,OK,12:25:00 AM,12AM-2AM,0
C01557500127,20260101,1500,1,20260101,eCom,156316.0,1.071621279,large,12:25:00 AM,12AM-2AM,0
C01557500127,20260101,1500,1,20260101,eCom,117473.0,1.010120558,large,12:25:00 AM,12AM-2AM,0
C01557500127,20260101,1500,1,20260101,eCom,266787.0,0.345585444,OK,12:25:00 AM,12AM-2AM,0
C01557500127,20260101,1500,1,20260101,eCom,126739.0,1.883797906,large,12:25:00 AM,12AM-2AM,0
C01557500127,20260101,1500,1,20260101,eCom,244053.0,0.316846591,OK,12:25:00 AM,12AM-2AM,0
C01557500127,20260101,1500,1,20260101,eCom,680487.0,1.320878418,large,12:25:00 AM,12AM-2AM,0
C01557500127,20260101,1500,1,20260101,eCom,298389.0,1.444059209,large,12:25:00 AM,12AM-2AM,0
C01557500128,20260101,1500,2,20260101,eCom,298389.0,0.066463241,OK,12:25:00 AM,12AM-2AM,0
C01557500128,20260101,1500,2,20260101,eCom,126739.0,0.100468989,OK,12:25:00 AM,12AM-2AM,0
C01557500129,20260101,1560,2,20260101,eCom,126739.0,0.839007699,OK,12:26:00 AM,12AM-2AM,0
C01557500129,20260101,1560,2,20260101,eCom,156316.0,1.281592472,large,12:26:00 AM,12AM-2AM,0
C01557500130,20260101,1560,3,20260101,eCom,156316.0,0.971060188,OK,12:26:00 AM,12AM-2AM,0
C01557500130,20260101,1560,3,20260101,eCom,36225.0,1.611329427,large,12:26:00 AM,12AM-2AM,0
C01557500131,20260101,1560,1,20260101,eCom,36225.0,1.439542141,large,12:26:00 AM,12AM-2AM,0
C01557500131,20260101,1560,1,20260101,eCom,117473.0,1.471057512,large,12:26:00 AM,12AM-2AM,0
C01557500131,20260101,1560,1,20260101,eCom,126739.0,1.722946958,large,12:26:00 AM,12AM-2AM,0
C01557500132,20260101,1560,1,20260101,eCom,36225.0,1.89692829,large,12:26:00 AM,12AM-2AM,0
C01557500132,20260101,1560,1,20260101,eCom,117473.0,0.228692087,OK,12:26:00 AM,12AM-2AM,0
C01557500132,20260101,1560,1,20260101,eCom,126739.0,0.047685361,OK,12:26:00 AM,12AM-2AM,0
C01557500132,20260101,1560,1,20260101,eCom,298389.0,0.634248042,OK,12:26:00 AM,12AM-2AM,0
C01557500132,20260101,1560,1,20260101,eCom,244053.0,0.311348204,OK,12:26:00 AM,12AM-2AM,0
C01557500132,20260101,1560,1,20260101,eCom,782246.0,1.384095519,large,12:26:00 AM,12AM-2AM,0
C01557500132,20260101,1560,1,20260101,eCom,787572.0,0.826651045,OK,12:26:00 AM,12AM-2AM,0
C01557500132,20260101,1560,1,20260101,eCom,156316.0,1.552194881,large,12:26:00 AM,12AM-2AM,0
C01557500132,20260101,1560,1,20260101,eCom,266787.0,1.84183669,large,12:26:00 AM,12AM-2AM,0
C01557500133,20260101,1560,1,20260101,eCom,244053.0,1.54625967,large,12:26:00 AM,12AM-2AM,0
C01557500133,20260101,1560,1,20260101,eCom,36225.0,1.444639877,large,12:26:00 AM,12AM-2AM,0
C01557500133,20260101,1560,1,20260101,eCom,156316.0,1.290185109,large,12:26:00 AM,12AM-2AM,0
C01557500133,20260101,1560,1,20260101,eCom,126739.0,1.389693487,large,12:26:00 AM,12AM-2AM,0
C01557500133,20260101,1560,1,20260101,eCom,680487.0,1.224052394,large,12:26:00 AM,12AM-2AM,0
C01557500133,20260101,1560,1,20260101,eCom,117473.0,0.392605697,OK,12:26:00 AM,12AM-2AM,0
C01557500134,20260101,1620,1,20260101,eCom,126739.0,1.946092149,large,12:27:00 AM,12AM-2AM,0
C01557500135,20260101,1620,1,20260101,eCom,36225.0,1.412926637,large,12:27:00 AM,12AM-2AM,0
C01557500136,20260101,1620,3,20260101,eCom,117473.0,1.592856658,large,12:27:00 AM,12AM-2AM,0
C01557500137,20260101,1620,1,20260101,eCom,36225.0,0.765591429,OK,12:27:00 AM,12AM-2AM,0
C01557500138,20260101,1680,1,20260101,eCom,266787.0,1.791285556,large,12:28:00 AM,12AM-2AM,0
C01557500138,20260101,1680,1,20260101,eCom,782246.0,1.4100785,large,12:28:00 AM,12AM-2AM,0
C01557500138,20260101,1680,1,20260101,eCom,36225.0,0.628846117,OK,12:28:00 AM,12AM-2AM,0
C01557500138,20260101,1680,1,20260101,eCom,244053.0,0.243657334,OK,12:28:00 AM,12AM-2AM,0
C01557500138,20260101,1680,1,20260101,eCom,117473.0,1.833099468,large,12:28:00 AM,12AM-2AM,0
C01557500138,20260101,1680,1,20260101,eCom,126739.0,0.597124824,OK,12:28:00 AM,12AM-2AM,0
C01557500138,20260101,1680,1,20260101,eCom,156316.0,1.233104642,large,12:28:00 AM,12AM-2AM,0
C01557500138,20260101,1680,1,20260101,eCom,298389.0,0.446065916,OK,12:28:00 AM,12AM-2AM,0
C01557500138,20260101,1680,1,20260101,eCom,680487.0,0.275801877,OK,12:28:00 AM,12AM-2AM,0
C01557500138,20260101,1680,1,20260101,eCom,787572.0,0.314839274,OK,12:28:00 AM,12AM-2AM,0
C01557500139,20260101,1680,1,20260101,eCom,126739.0,1.511931704,large,12:28:00 AM,12AM-2AM,0
C01557500139,20260101,1680,1,20260101,eCom,117473.0,1.747538766,large,12:28:00 AM,12AM-2AM,0
C01557500139,20260101,1680,1,20260101,eCom,156316.0,0.17292191,OK,12:28:00 AM,12AM-2AM,0
C01557500139,20260101,1680,1,20260101,eCom,36225.0,0.899028475,OK,12:28:00 AM,12AM-2AM,0
C01557500140,20260101,1680,1,20260101,eCom,36225.0,0.308206239,OK,12:28:00 AM,12AM-2AM,0
C01557500140,20260101,1680,1,20260101,eCom,126739.0,0.662954099,OK,12:28:00 AM,12AM-2AM,0
C01557500140,20260101,1680,1,20260101,eCom,117473.0,1.045479667,large,12:28:00 AM,12AM-2AM,0
C01557500141,20260101,1680,1,20260101,eCom,36225.0,0.190973872,OK,12:28:00 AM,12AM-2AM,0
C01557500142,20260101,1680,1,20260101,eCom,266787.0,0.919028967,OK,12:28:00 AM,12AM-2AM,0
C01557500142,20260101,1680,1,20260101,eCom,117473.0,0.124896194,OK,12:28:00 AM,12AM-2AM,0
C01557500143,20260101,1680,2,20260101,eCom,266787.0,0.797937933,OK,12:28:00 AM,12AM-2AM,0
C01557500144,20260101,1680,3,20260101,eCom,244053.0,0.147348101,OK,12:28:00 AM,12AM-2AM,0
C01557500144,20260101,1680,3,20260101,eCom,126739.0,1.86821337,large,12:28:00 AM,12AM-2AM,0
C01557500144,20260101,1680,3,20260101,eCom,36225.0,0.073152393,OK,12:28:00 AM,12AM-2AM,0
C01557500144,20260101,1680,3,20260101,eCom,117473.0,0.823645202,OK,12:28:00 AM,12AM-2AM,0
C01557500144,20260101,1680,3,20260101,eCom,787572.0,1.540254405,large,12:28:00 AM,12AM-2AM,0
C01557500145,20260101,1740,3,20260101,eCom,787572.0,0.757534612,OK,12:29:00 AM,12AM-2AM,0
C01557500145,20260101,1740,3,20260101,eCom,156316.0,1.368633405,large,12:29:00 AM,12AM-2AM,0
C01557500145,20260101,1740,3,20260101,eCom,117473.0,1.326967151,large,12:29:00 AM,12AM-2AM,0
C01557500145,20260101,1740,3,20260101,eCom,298389.0,1.083207525,large,12:29:00 AM,12AM-2AM,0
C01557500146,20260101,1740,1,20260101,eCom,117473.0,1.4584377,large,12:29:00 AM,12AM-2AM,0
C01557500146,20260101,1740,1,20260101,eCom,36225.0,0.45315353,OK,12:29:00 AM,12AM-2AM,0
C01557500146,20260101,1740,1,20260101,eCom,126739.0,0.016911857,OK,12:29:00 AM,12AM-2AM,0
C01557500147,20260101,1740,1,20260101,eCom,36225.0,1.093446225,large,12:29:00 AM,12AM-2AM,0
C01557500148,20260101,1800,1,20260101,eCom,266787.0,0.558542958,OK,12:30:00 AM,12AM-2AM,0
C01557500148,20260101,1800,1,20260101,eCom,36225.0,1.875446619,large,12:30:00 AM,12AM-2AM,0
C01557500149,20260101,1800,2,20260101,eCom,36225.0,1.768675677,large,12:30:00 AM,12AM-2AM,0
C01557500149,20260101,1800,2,20260101,eCom,266787.0,0.041135135,OK,12:30:00 AM,12AM-2AM,0
C01557500149,20260101,1800,2,20260101,eCom,117473.0,0.420102427,OK,12:30:00 AM,12AM-2AM,0
C01557500150,20260101,1800,1,20260101,eCom,36225.0,1.409539671,large,12:30:00 AM,12AM-2AM,0
C01557500151,20260101,1800,1,20260101,eCom,244053.0,0.476335164,OK,12:30:00 AM,12AM-2AM,0
C01557500152,20260101,1800,1,20260101,eCom,298389.0,1.012752739,large,12:30:00 AM,12AM-2AM,0
C01557500153,20260101,1800,2,20260101,eCom,266787.0,0.644618356,OK,12:30:00 AM,12AM-2AM,0
C01557500154,20260101,1800,1,20260101,eCom,156316.0,0.295088264,OK,12:30:00 AM,12AM-2AM,0
C01557500154,20260101,1800,1,20260101,eCom,36225.0,1.323822723,large,12:30:00 AM,12AM-2AM,0
C01557500155,20260101,1800,1,20260101,eCom,36225.0,1.897555308,large,12:30:00 AM,12AM-2AM,0
C01557500156,20260101,1800,1,20260101,eCom,680487.0,0.30694304,OK,12:30:00 AM,12AM-2AM,0
C01557500156,20260101,1800,1,20260101,eCom,156316.0,0.759155775,OK,12:30:00 AM,12AM-2AM,0
C01557500156,20260101,1800,1,20260101,eCom,117473.0,1.511288034,large,12:30:00 AM,12AM-2AM,0
C01557500156,20260101,1800,1,20260101,eCom,787572.0,0.952302453,OK,12:30:00 AM,12AM-2AM,0
C01557500156,20260101,1800,1,20260101,eCom,782246.0,1.700188455,large,12:30:00 AM,12AM-2AM,0
C01557500156,20260101,1800,1,20260101,eCom,266787.0,0.608465473,OK,12:30:00 AM,12AM-2AM,0
C01557500156,20260101,1800,1,20260101,eCom,36225.0,1.418077827,large,12:30:00 AM,12AM-2AM,0
C01557500157,20260101,1800,3,20260101,eCom,680487.0,1.695795438,large,12:30:00 AM,12AM-2AM,0
C01557500157,20260101,1800,3,20260101,eCom,126739.0,0.194003353,OK,12:30:00 AM,12AM-2AM,0
C01557500157,20260101,1800,3,20260101,eCom,787572.0,1.451923577,large,12:30:00 AM,12AM-2AM,0
C01557500157,20260101,1800,3,20260101,eCom,36225.0,0.389058421,OK,12:30:00 AM,12AM-2AM,0
C01557500157,20260101,1800,3,20260101,eCom,156316.0,0.54423856,OK,12:30:00 AM,12AM-2AM,0
C01557500158,20260101,1800,2,20260101,eCom,126739.0,1.451367427,large,12:30:00 AM,12AM-2AM,0
C01557500158,20260101,1800,2,20260101,eCom,298389.0,1.122112448,large,12:30:00 AM,12AM-2AM,0
C01557500158,20260101,1800,2,20260101,eCom,36225.0,0.963994471,OK,12:30:00 AM,12AM-2AM,0
