Order #,Date Created,Time Created,Shipped Quantity,Ship                Date,Order Type,SKU,Unit cube F ,Large Lines,Timestamp,Time Bucket,Hour
C01557510922,20251227,52,1,20251228,eCom,824367.0,0.336194444,OK,12:00:52 AM,12AM-2AM,0
C01557508969,20251227,52,1,20251227,eCom,21125.0,0.046489005,OK,12:00:52 AM,12AM-2AM,0
C01557507060,20251227,52,1,20251227,eCom,509964.0,0.268125,OK,12:00:52 AM,12AM-2AM,0
C01557511421,20251227,52,1,20251227,eCom,840440.0,0.348247685,OK,12:00:52 AM,12AM-2AM,0
C01557510917,20251227,52,1,20251227,eCom,905549.0,0.009388889,OK,12:00:52 AM,12AM-2AM,0
C01557513330,20251227,52,1,20251228,eCom,144293.0,0.434152199,OK,12:00:52 AM,12AM-2AM,0
C01557509454,20251227,52,1,20251227,eCom,850069.0,1.774256944,large,12:00:52 AM,12AM-2AM,0
C01557504642,20251227,52,1,20251227,eCom,969578.0,0.637083333,large,12:00:52 AM,12AM-2AM,0
C01557509945,20251227,52,1,20251227,eCom,52614.0,0.282222222,OK,12:00:52 AM,12AM-2AM,0
C01557509945,20251227,52,1,20251227,eCom,1076242.0,0.134583333,OK,12:00:52 AM,12AM-2AM,0
C01557509945,20251227,52,1,20251227,eCom,1059467.0,0.205682292,OK,12:00:52 AM,12AM-2AM,0
C01557507994,20251227,52,1,20251227,eCom,397779.0,0.225689815,OK,12:00:52 AM,12AM-2AM,0
C01557507994,20251227,52,1,20251227,eCom,401974.0,0.225689815,OK,12:00:52 AM,12AM-2AM,0
C01557507493,20251227,52,1,20251227,eCom,53095.0,0.045833333,OK,12:00:52 AM,12AM-2AM,0
C01557507493,20251227,52,1,20251227,eCom,1054093.0,0.106407407,OK,12:00:52 AM,12AM-2AM,0
C01557513810,20251227,52,1,20251228,eCom,343441.0,0.205427083,OK,12:00:52 AM,12AM-2AM,0
C01557504651,20251227,52,1,20251227,eCom,913851.0,0.021527778,OK,12:00:52 AM,12AM-2AM,0
C01557506131,20251227,52,1,20251227,eCom,991050.0,0.185972222,OK,12:00:52 AM,12AM-2AM,0
C01557506131,20251227,52,1,20251227,eCom,994980.0,0.187777778,OK,12:00:52 AM,12AM-2AM,0
C01557506131,20251227,52,1,20251227,eCom,758284.0,0.157849537,OK,12:00:52 AM,12AM-2AM,0
C01557512847,20251227,52,1,20251227,eCom,624632.0,0.4090625,OK,12:00:52 AM,12AM-2AM,0
C01557512847,20251227,52,1,20251227,eCom,908159.0,0.073548611,OK,12:00:52 AM,12AM-2AM,0
C01557507072,20251227,52,1,20251227,eCom,831709.0,0.02833912,OK,12:00:52 AM,12AM-2AM,0
C01557507072,20251227,52,1,20251227,eCom,22215.0,0.033460648,OK,12:00:52 AM,12AM-2AM,0
C01557507072,20251227,52,1,20251227,eCom,29483.0,0.137850694,OK,12:00:52 AM,12AM-2AM,0
C01557512429,20251227,52,1,20251227,eCom,913851.0,0.021527778,OK,12:00:52 AM,12AM-2AM,0
C01557511429,20251227,52,1,20251227,eCom,1165844.0,0.18346875,OK,12:00:52 AM,12AM-2AM,0
C01557512433,20251227,52,1,20251227,eCom,,,large,12:00:52 AM,12AM-2AM,0
C01557508978,20251227,52,1,20251227,eCom,747150.0,0.254114583,OK,12:00:52 AM,12AM-2AM,0
C01557511433,20251227,52,1,20251227,eCom,66599.0,0.212013889,OK,12:00:52 AM,12AM-2AM,0
C01557511433,20251227,52,1,20251227,eCom,137569.0,0.01375,OK,12:00:52 AM,12AM-2AM,0
C01557511424,20251227,52,1,20251227,eCom,1050653.0,0.047322917,OK,12:00:52 AM,12AM-2AM,0
C01557513340,20251227,52,1,20251227,eCom,331614.0,0.29521875,OK,12:00:52 AM,12AM-2AM,0
C01557513340,20251227,52,1,20251227,eCom,201521.0,0.3378125,OK,12:00:52 AM,12AM-2AM,0
C01557512440,20251227,52,1,20251227,eCom,296803.0,0.224697917,OK,12:00:52 AM,12AM-2AM,0
C01557512852,20251227,52,1,20251228,eCom,980355.0,0.3378125,OK,12:00:52 AM,12AM-2AM,0
C01557510431,20251227,52,1,20251227,eCom,1170767.0,0.303543981,OK,12:00:52 AM,12AM-2AM,0
C01557509466,20251227,52,2,20251227,eCom,930233.0,0.028753472,OK,12:00:52 AM,12AM-2AM,0
C01557513331,20251227,52,1,20251227,eCom,974693.0,0.098694444,OK,12:00:52 AM,12AM-2AM,0
C01557510440,20251227,52,1,20251227,eCom,1057251.0,0.274625,OK,12:00:52 AM,12AM-2AM,0
C01557510440,20251227,52,1,20251227,eCom,,,large,12:00:52 AM,12AM-2AM,0
C01557512844,20251227,52,1,20251227,eCom,64826.0,0.154023148,OK,12:00:52 AM,12AM-2AM,0
C01557512844,20251227,52,1,20251227,eCom,28213.0,0.115104167,OK,12:00:52 AM,12AM-2AM,0
C01557511424,20251227,52,1,20251227,eCom,923262.0,0.2055,OK,12:00:52 AM,12AM-2AM,0
C01557513325,20251227,52,1,20251227,eCom,920309.0,0.152,OK,12:00:52 AM,12AM-2AM,0
C01557513325,20251227,52,1,20251227,eCom,929885.0,0.118333333,OK,12:00:52 AM,12AM-2AM,0
C01557506131,20251227,52,1,20251227,eCom,991438.0,0.155772569,OK,12:00:52 AM,12AM-2AM,0
C01557512844,20251227,52,1,20251227,eCom,28227.0,0.115104167,OK,12:00:52 AM,12AM-2AM,0
C01557511939,20251227,52,1,20251227,eCom,1058561.0,0.18140162,OK,12:00:52 AM,12AM-2AM,0
C01557509472,20251227,52,1,20251227,eCom,19146.0,0.061804977,OK,12:00:52 AM,12AM-2AM,0
C01557509472,20251227,52,1,20251227,eCom,19150.0,0.061804977,OK,12:00:52 AM,12AM-2AM,0
C01557509470,20251227,52,1,20251227,eCom,665431.0,0.247847222,OK,12:00:52 AM,12AM-2AM,0
C01557509950,20251227,52,1,20251227,eCom,24611.0,0.203150463,OK,12:00:52 AM,12AM-2AM,0
C01557509950,20251227,52,1,20251227,eCom,13954.0,0.187152778,OK,12:00:52 AM,12AM-2AM,0
C01557504654,20251227,52,1,20251227,eCom,207772.0,0.16328125,OK,12:00:52 AM,12AM-2AM,0
C01557509472,20251227,52,1,20251227,eCom,1054670.0,0.061804977,OK,12:00:52 AM,12AM-2AM,0
C01557513830,20251227,52,1,20251227,eCom,70736.0,0.347083333,OK,12:00:52 AM,12AM-2AM,0
C01557506581,20251227,52,1,20251227,eCom,,,large,12:00:52 AM,12AM-2AM,0
C01557508465,20251227,52,1,20251227,eCom,1052365.0,0.036271991,OK,12:00:52 AM,12AM-2AM,0
P00001027049534,20251227,352,1,20251228,eCom,366861.0,0.335310185,OK,12:03:52 AM,12AM-2AM,0
C01557511945,20251227,352,1,20251227,eCom,343271.0,0.362622685,OK,12:03:52 AM,12AM-2AM,0
C01557508996,20251227,352,1,20251227,eCom,5760.0,0.206886574,OK,12:03:52 AM,12AM-2AM,0
C01557509482,20251227,352,1,20251228,eCom,199190.0,0.338722222,OK,12:03:52 AM,12AM-2AM,0
C01557513352,20251227,352,1,20251227,eCom,884388.0,0.044074074,OK,12:03:52 AM,12AM-2AM,0
C01557510935,20251227,352,1,20251227,eCom,1084191.0,0.048042824,OK,12:03:52 AM,12AM-2AM,0
C01557508480,20251227,352,1,20251227,eCom,39619.0,0.377935185,OK,12:03:52 AM,12AM-2AM,0
C01557509474,20251227,352,1,20251227,eCom,1062162.0,0.202430556,OK,12:03:52 AM,12AM-2AM,0
C01557508480,20251227,352,1,20251227,eCom,265282.0,0.37515625,OK,12:03:52 AM,12AM-2AM,0
C01557513348,20251227,352,1,20251227,eCom,,,large,12:03:52 AM,12AM-2AM,0
C01557510935,20251227,352,1,20251227,eCom,1094108.0,0.070125,OK,12:03:52 AM,12AM-2AM,0
C01557509483,20251227,352,1,20251227,eCom,1074613.0,0.135590278,OK,12:03:52 AM,12AM-2AM,0
C01557509483,20251227,352,1,20251227,eCom,840876.0,0.328735532,OK,12:03:52 AM,12AM-2AM,0
C01557513348,20251227,352,1,20251227,eCom,,,large,12:03:52 AM,12AM-2AM,0
C01557510935,20251227,352,1,20251227,eCom,39225.0,0.049398148,OK,12:03:52 AM,12AM-2AM,0
C01557507518,20251227,352,1,20251227,eCom,133704.0,0.143541667,OK,12:03:52 AM,12AM-2AM,0
C01557508988,20251227,352,1,20251227,eCom,218067.0,0.34875,OK,12:03:52 AM,12AM-2AM,0
C01557512442,20251227,352,1,20251227,eCom,933115.0,0.098694444,OK,12:03:52 AM,12AM-2AM,0
C01557512442,20251227,352,1,20251227,eCom,859201.0,0.04875,OK,12:03:52 AM,12AM-2AM,0
C01557513352,20251227,352,1,20251227,eCom,891680.0,0.041145833,OK,12:03:52 AM,12AM-2AM,0
C01557510935,20251227,352,1,20251227,eCom,1079080.0,0.033967593,OK,12:03:52 AM,12AM-2AM,0
C01557513345,20251227,352,1,20251227,eCom,828963.0,0.398611111,OK,12:03:52 AM,12AM-2AM,0
C01557506151,20251227,352,1,20251228,eCom,777880.0,0.3859375,OK,12:03:52 AM,12AM-2AM,0
C01557507518,20251227,352,1,20251227,eCom,920099.0,0.24140625,OK,12:03:52 AM,12AM-2AM,0
C01557509485,20251227,653,1,20251227,eCom,1056757.0,0.3675,OK,12:06:53 AM,12AM-2AM,0
C01557509485,20251227,653,1,20251227,eCom,606232.0,0.34125,OK,12:06:53 AM,12AM-2AM,0
C01557509485,20251227,653,1,20251227,eCom,1100571.0,0.263618056,OK,12:06:53 AM,12AM-2AM,0
C01557509980,20251227,653,1,20251227,eCom,1064917.0,0.3325,OK,12:06:53 AM,12AM-2AM,0
C01557509980,20251227,653,1,20251227,eCom,1081475.0,0.277633102,OK,12:06:53 AM,12AM-2AM,0
C01557509980,20251227,653,1,20251227,eCom,1106578.0,0.277633102,OK,12:06:53 AM,12AM-2AM,0
P00001027049367,20251227,653,1,20251228,eCom,664920.0,0.1515625,OK,12:06:53 AM,12AM-2AM,0
C01557513856,20251227,653,1,20251227,eCom,755076.0,0.255155093,OK,12:06:53 AM,12AM-2AM,0
C01557510954,20251227,653,1,20251227,eCom,908546.0,0.033101852,OK,12:06:53 AM,12AM-2AM,0
C01557509988,20251227,653,1,20251227,eCom,841027.0,0.603059028,large,12:06:53 AM,12AM-2AM,0
C01557506176,20251227,653,1,20251228,eCom,994552.0,0.366001157,OK,12:06:53 AM,12AM-2AM,0
C01557506169,20251227,653,1,20251228,eCom,565840.0,0.357178241,OK,12:06:53 AM,12AM-2AM,0
C01557507097,20251227,653,1,20251227,eCom,501221.0,0.157378472,OK,12:06:53 AM,12AM-2AM,0
C01557507097,20251227,653,1,20251227,eCom,831848.0,0.037888889,OK,12:06:53 AM,12AM-2AM,0
C01557506160,20251227,653,1,20251227,eCom,376085.0,0.209982639,OK,12:06:53 AM,12AM-2AM,0
C01557508494,20251227,653,1,20251227,eCom,50053.0,0.343198495,OK,12:06:53 AM,12AM-2AM,0
C01557508494,20251227,653,1,20251227,eCom,51923.0,0.328020833,OK,12:06:53 AM,12AM-2AM,0
C01557511461,20251227,653,1,20251227,eCom,12223.0,0.181666667,OK,12:06:53 AM,12AM-2AM,0
C01557511461,20251227,653,1,20251227,eCom,1005777.0,0.263225694,OK,12:06:53 AM,12AM-2AM,0
C01557511461,20251227,653,1,20251227,eCom,760393.0,0.268125,OK,12:06:53 AM,12AM-2AM,0
C01557511461,20251227,653,1,20251227,eCom,1004207.0,0.263225694,OK,12:06:53 AM,12AM-2AM,0
C01557511461,20251227,653,1,20251227,eCom,1005818.0,0.268125,OK,12:06:53 AM,12AM-2AM,0
C01557511461,20251227,653,1,20251227,eCom,443325.0,0.305222222,OK,12:06:53 AM,12AM-2AM,0
C01557511461,20251227,653,1,20251227,eCom,443328.0,0.29925,OK,12:06:53 AM,12AM-2AM,0
C01557512454,20251227,653,1,20251227,eCom,,,large,12:06:53 AM,12AM-2AM,0
C01557512454,20251227,653,1,20251227,eCom,,,large,12:06:53 AM,12AM-2AM,0
C01557512454,20251227,653,1,20251227,eCom,948799.0,0.225001736,OK,12:06:53 AM,12AM-2AM,0
C01557512454,20251227,653,1,20251227,eCom,501976.0,0.298958333,OK,12:06:53 AM,12AM-2AM,0
C01557512454,20251227,653,1,20251227,eCom,67045.0,0.155173611,OK,12:06:53 AM,12AM-2AM,0
C01557512454,20251227,653,1,20251227,eCom,67687.0,0.155173611,OK,12:06:53 AM,12AM-2AM,0
C01557506165,20251227,653,1,20251227,eCom,14170.0,0.079851852,OK,12:06:53 AM,12AM-2AM,0
C01557506165,20251227,653,1,20251227,eCom,14148.0,0.079851852,OK,12:06:53 AM,12AM-2AM,0
C01557506165,20251227,653,1,20251227,eCom,,,large,12:06:53 AM,12AM-2AM,0
C01557509006,20251227,653,1,20251227,eCom,487691.0,0.255052083,OK,12:06:53 AM,12AM-2AM,0
C01557509006,20251227,653,1,20251227,eCom,211513.0,0.0455,OK,12:06:53 AM,12AM-2AM,0
C01557510454,20251227,653,1,20251227,eCom,,,large,12:06:53 AM,12AM-2AM,0
C01557506159,20251227,653,1,20251227,eCom,372920.0,0.361261574,OK,12:06:53 AM,12AM-2AM,0
C01557506159,20251227,653,1,20251227,eCom,851047.0,0.050555556,OK,12:06:53 AM,12AM-2AM,0
C01557509489,20251227,653,1,20251227,eCom,721750.0,0.298388889,OK,12:06:53 AM,12AM-2AM,0
C01557509489,20251227,653,1,20251227,eCom,62447.0,0.190561921,OK,12:06:53 AM,12AM-2AM,0
C01557509489,20251227,653,1,20251227,eCom,1064818.0,0.156222222,OK,12:06:53 AM,12AM-2AM,0
C01557509489,20251227,653,1,20251227,eCom,1067865.0,0.138585069,OK,12:06:53 AM,12AM-2AM,0
C01557509489,20251227,653,1,20251227,eCom,,,large,12:06:53 AM,12AM-2AM,0
C01557509485,20251227,653,1,20251227,eCom,1135941.0,0.109010417,OK,12:06:53 AM,12AM-2AM,0
C01557509485,20251227,653,2,20251227,eCom,618724.0,0.277604167,OK,12:06:53 AM,12AM-2AM,0
C01557506170,20251227,653,1,20251227,eCom,36787.0,0.362847222,OK,12:06:53 AM,12AM-2AM,0
C01557509499,20251227,653,1,20251227,eCom,831882.0,0.0478125,OK,12:06:53 AM,12AM-2AM,0
C01557509499,20251227,653,1,20251227,eCom,130018.0,0.064223958,OK,12:06:53 AM,12AM-2AM,0
C01557509499,20251227,653,1,20251227,eCom,975214.0,0.429582176,OK,12:06:53 AM,12AM-2AM,0
C01557507105,20251227,653,1,20251227,eCom,565899.0,0.335,OK,12:06:53 AM,12AM-2AM,0
C01557507105,20251227,653,1,20251227,eCom,565894.0,0.331665509,OK,12:06:53 AM,12AM-2AM,0
C01557507105,20251227,653,2,20251227,eCom,567107.0,0.335,OK,12:06:53 AM,12AM-2AM,0
C01557507105,20251227,653,1,20251227,eCom,567092.0,0.331665509,OK,12:06:53 AM,12AM-2AM,0
C01557507105,20251227,653,2,20251227,eCom,831711.0,0.012051505,OK,12:06:53 AM,12AM-2AM,0
C01557513860,20251227,653,1,20251227,eCom,296383.0,0.215811343,OK,12:06:53 AM,12AM-2AM,0
C01557513860,20251227,653,1,20251227,eCom,1098010.0,0.09084375,OK,12:06:53 AM,12AM-2AM,0
C01557513860,20251227,653,1,20251227,eCom,132139.0,0.067232639,OK,12:06:53 AM,12AM-2AM,0
C01557513368,20251227,653,1,20251228,eCom,32397.0,0.084173611,OK,12:06:53 AM,12AM-2AM,0
C01557513368,20251227,653,0,20251228,eCom,126434.0,0.197096065,OK,12:06:53 AM,12AM-2AM,0
C01557513368,20251227,653,1,20251228,eCom,1070312.0,0.007555556,OK,12:06:53 AM,12AM-2AM,0
C01557513368,20251227,653,1,20251228,eCom,32831.0,0.04541088,OK,12:06:53 AM,12AM-2AM,0
C01557513368,20251227,653,1,20251228,eCom,132162.0,0.051892361,OK,12:06:53 AM,12AM-2AM,0
C01557511971,20251227,653,1,20251227,eCom,203452.0,0.257213542,OK,12:06:53 AM,12AM-2AM,0
C01557511971,20251227,653,1,20251227,eCom,920313.0,0.232465278,OK,12:06:53 AM,12AM-2AM,0
C01557512468,20251227,653,1,20251227,eCom,839333.0,0.220802083,OK,12:06:53 AM,12AM-2AM,0
C01557513856,20251227,653,1,20251227,eCom,23850.0,0.203645833,OK,12:06:53 AM,12AM-2AM,0
C01557512872,20251227,653,1,20251227,eCom,,,large,12:06:53 AM,12AM-2AM,0
C01557508490,20251227,653,1,20251227,eCom,2009.0,0.369201389,OK,12:06:53 AM,12AM-2AM,0
C01557510943,20251227,653,1,20251227,eCom,849640.0,0.616657407,large,12:06:53 AM,12AM-2AM,0
C01557510943,20251227,653,3,20251227,eCom,906360.0,0.017314815,OK,12:06:53 AM,12AM-2AM,0
C01557510943,20251227,653,1,20251227,eCom,84901.0,0.0126875,OK,12:06:53 AM,12AM-2AM,0
C01557510943,20251227,653,1,20251227,eCom,84902.0,0.0126875,OK,12:06:53 AM,12AM-2AM,0
C01557509011,20251227,653,1,20251228,eCom,457076.0,0.366564236,OK,12:06:53 AM,12AM-2AM,0
C01557507102,20251227,653,1,20251227,eCom,436414.0,0.339427083,OK,12:06:53 AM,12AM-2AM,0
C01557507102,20251227,653,1,20251227,eCom,125148.0,0.090011574,OK,12:06:53 AM,12AM-2AM,0
C01557507102,20251227,653,1,20251227,eCom,1049695.0,0.3325,OK,12:06:53 AM,12AM-2AM,0
C01557506170,20251227,653,1,20251227,eCom,41405.0,0.368982639,OK,12:06:53 AM,12AM-2AM,0
C01557512459,20251227,653,1,20251227,eCom,389642.0,0.128576389,OK,12:06:53 AM,12AM-2AM,0
C01557512459,20251227,653,1,20251227,eCom,745344.0,0.109739583,OK,12:06:53 AM,12AM-2AM,0
C01557509970,20251227,653,1,20251227,eCom,23255.0,1.063428819,large,12:06:53 AM,12AM-2AM,0
C01557510943,20251227,653,1,20251227,eCom,84903.0,0.0126875,OK,12:06:53 AM,12AM-2AM,0
C01557508490,20251227,653,1,20251227,eCom,1049659.0,0.14625,OK,12:06:53 AM,12AM-2AM,0
P00001027049650,20251227,953,1,20251227,eCom,496921.0,0.2625,OK,12:09:53 AM,12AM-2AM,0
C01557512483,20251227,953,1,20251227,eCom,502338.0,0.27421875,OK,12:09:53 AM,12AM-2AM,0
P00001027049650,20251227,953,1,20251227,eCom,30377.0,0.080041667,OK,12:09:53 AM,12AM-2AM,0
C01557508520,20251227,953,1,20251227,eCom,16114.0,0.087388889,OK,12:09:53 AM,12AM-2AM,0
C01557508514,20251227,953,1,20251227,eCom,718568.0,0.122986111,OK,12:09:53 AM,12AM-2AM,0
C01557508514,20251227,953,1,20251227,eCom,313313.0,0.254527778,OK,12:09:53 AM,12AM-2AM,0
C01557512483,20251227,953,1,20251227,eCom,52681.0,0.208203125,OK,12:09:53 AM,12AM-2AM,0
P00001027049645,20251227,953,1,20251228,eCom,718528.0,0.336194444,OK,12:09:53 AM,12AM-2AM,0
P00001027049092,20251227,953,1,20251227,eCom,726024.0,0.4376875,OK,12:09:53 AM,12AM-2AM,0
C01557507558,20251227,953,1,20251227,eCom,431124.0,0.319763889,OK,12:09:53 AM,12AM-2AM,0
C01557508520,20251227,953,1,20251227,eCom,839333.0,0.220802083,OK,12:09:53 AM,12AM-2AM,0
C01557510000,20251227,953,1,20251227,eCom,226312.0,0.239585648,OK,12:09:53 AM,12AM-2AM,0
C01557510000,20251227,953,1,20251227,eCom,131287.0,0.052239583,OK,12:09:53 AM,12AM-2AM,0
C01557510000,20251227,953,1,20251227,eCom,872476.0,0.073756944,OK,12:09:53 AM,12AM-2AM,0
C01557510000,20251227,953,1,20251227,eCom,880894.0,0.093958333,OK,12:09:53 AM,12AM-2AM,0
C01557511973,20251227,953,1,20251227,eCom,1070577.0,0.166909722,OK,12:09:53 AM,12AM-2AM,0
C01557509508,20251227,953,1,20251227,eCom,296792.0,0.192901042,OK,12:09:53 AM,12AM-2AM,0
C01557506640,20251227,953,1,20251227,eCom,833882.0,0.016703704,OK,12:09:53 AM,12AM-2AM,0
C01557506640,20251227,953,1,20251227,eCom,833931.0,0.026546296,OK,12:09:53 AM,12AM-2AM,0
C01557507551,20251227,953,1,20251228,eCom,376818.0,0.279739583,OK,12:09:53 AM,12AM-2AM,0
C01553907007,20251227,953,1,20251227,eCom,42615.0,0.273523148,OK,12:09:53 AM,12AM-2AM,0
C01555303442,20251227,953,1,20251228,eCom,404822.0,0.427864583,OK,12:09:53 AM,12AM-2AM,0
C01557511988,20251227,953,1,20251227,eCom,336451.0,0.252388889,OK,12:09:53 AM,12AM-2AM,0
C01557513866,20251227,953,1,20251227,eCom,,,large,12:09:53 AM,12AM-2AM,0
C01557511972,20251227,953,1,20251227,eCom,403234.0,0.2701875,OK,12:09:53 AM,12AM-2AM,0
C01557511972,20251227,953,1,20251227,eCom,1133423.0,0.020605903,OK,12:09:53 AM,12AM-2AM,0
C01557510000,20251227,953,1,20251227,eCom,131685.0,0.053981481,OK,12:09:53 AM,12AM-2AM,0
C01557506181,20251227,953,1,20251227,eCom,1052888.0,0.035335648,OK,12:09:53 AM,12AM-2AM,0
C01557506181,20251227,953,1,20251227,eCom,,,large,12:09:53 AM,12AM-2AM,0
C01557506181,20251227,953,1,20251227,eCom,919514.0,0.043936343,OK,12:09:53 AM,12AM-2AM,0
C01557506181,20251227,953,1,20251227,eCom,,,large,12:09:53 AM,12AM-2AM,0
C01557506181,20251227,953,1,20251227,eCom,,,large,12:09:53 AM,12AM-2AM,0
C01557506181,20251227,953,1,20251227,eCom,,,large,12:09:53 AM,12AM-2AM,0
C01557507556,20251227,953,1,20251227,eCom,134648.0,0.139069444,OK,12:09:53 AM,12AM-2AM,0
C01557511485,20251227,953,1,20251228,eCom,589970.0,0.3559375,OK,12:09:53 AM,12AM-2AM,0
C01557507556,20251227,953,1,20251227,eCom,904951.0,0.021487269,OK,12:09:53 AM,12AM-2AM,0
C01557509034,20251227,954,1,20251227,eCom,830180.0,0.096791667,OK,12:09:54 AM,12AM-2AM,0
C01557509034,20251227,954,1,20251227,eCom,668294.0,0.357722222,OK,12:09:54 AM,12AM-2AM,0
C01557507133,20251227,954,1,20251227,eCom,510716.0,0.208203125,OK,12:09:54 AM,12AM-2AM,0
C01557507133,20251227,954,1,20251227,eCom,70075.0,0.340159722,OK,12:09:54 AM,12AM-2AM,0
C01557507133,20251227,954,1,20251227,eCom,6202.0,0.135303819,OK,12:09:54 AM,12AM-2AM,0
C01557511998,20251227,954,1,20251227,eCom,922433.0,0.23125,OK,12:09:54 AM,12AM-2AM,0
C01557511998,20251227,954,1,20251227,eCom,923488.0,0.23125,OK,12:09:54 AM,12AM-2AM,0
C01557506645,20251227,954,1,20251227,eCom,981586.0,0.073185185,OK,12:09:54 AM,12AM-2AM,0
C01557506645,20251227,954,1,20251227,eCom,387564.0,0.073185185,OK,12:09:54 AM,12AM-2AM,0
C01557514296,20251227,954,1,20251227,eCom,920267.0,0.194282407,OK,12:09:54 AM,12AM-2AM,0
C01557508043,20251227,954,1,20251228,eCom,37634.0,0.432465278,OK,12:09:54 AM,12AM-2AM,0
C01557512487,20251227,954,1,20251227,eCom,837709.0,0.321819444,OK,12:09:54 AM,12AM-2AM,0
C01557508531,20251227,954,1,20251227,eCom,1071340.0,0.040875,OK,12:09:54 AM,12AM-2AM,0
C01557510494,20251227,954,1,20251228,eCom,511864.0,0.325572917,OK,12:09:54 AM,12AM-2AM,0
C01557513889,20251227,954,1,20251227,eCom,907959.0,0.031752315,OK,12:09:54 AM,12AM-2AM,0
C01557510012,20251227,954,1,20251227,eCom,41565.0,0.412392361,OK,12:09:54 AM,12AM-2AM,0
C01557514291,20251227,954,1,20251227,eCom,857970.0,0.014388889,OK,12:09:54 AM,12AM-2AM,0
C01557514291,20251227,954,1,20251227,eCom,345411.0,0.317708333,OK,12:09:54 AM,12AM-2AM,0
C01557514291,20251227,954,1,20251227,eCom,844116.0,0.495225694,OK,12:09:54 AM,12AM-2AM,0
P00001027049647,20251227,954,1,20251227,eCom,187241.0,0.51596875,large,12:09:54 AM,12AM-2AM,0
C01557506179,20251227,954,1,20251227,eCom,81305.0,0.203939815,OK,12:09:54 AM,12AM-2AM,0
C01557508531,20251227,954,1,20251227,eCom,1063535.0,0.2374375,OK,12:09:54 AM,12AM-2AM,0
C01557508531,20251227,954,1,20251227,eCom,11197.0,0.050668981,OK,12:09:54 AM,12AM-2AM,0
C01557508531,20251227,954,1,20251227,eCom,1063355.0,0.079100694,OK,12:09:54 AM,12AM-2AM,0
C01557506179,20251227,954,1,20251227,eCom,905963.0,0.012213542,OK,12:09:54 AM,12AM-2AM,0
C01557513388,20251227,954,1,20251227,eCom,,,large,12:09:54 AM,12AM-2AM,0
C01557510014,20251227,954,1,20251228,eCom,705056.0,0.308,OK,12:09:54 AM,12AM-2AM,0
P00001027049651,20251227,954,1,20251228,eCom,35321.0,0.432465278,OK,12:09:54 AM,12AM-2AM,0
C01557513388,20251227,954,1,20251227,eCom,1066212.0,0.2615625,OK,12:09:54 AM,12AM-2AM,0
C01557510501,20251227,954,1,20251227,eCom,831954.0,0.14725,OK,12:09:54 AM,12AM-2AM,0
C01557510987,20251227,1254,1,20251227,eCom,1066290.0,0.261925926,OK,12:12:54 AM,12AM-2AM,0
C01557507146,20251227,1254,1,20251227,eCom,926631.0,0.20075,OK,12:12:54 AM,12AM-2AM,0
C01557513893,20251227,1254,1,20251228,eCom,674106.0,0.27421875,OK,12:12:54 AM,12AM-2AM,0
C01557510021,20251227,1254,1,20251227,eCom,875796.0,0.142847222,OK,12:12:54 AM,12AM-2AM,0
C01557514312,20251227,1254,1,20251227,eCom,369145.0,0.203671296,OK,12:12:54 AM,12AM-2AM,0
C01557514790,20251227,1254,1,20251227,eCom,850946.0,0.164713542,OK,12:12:54 AM,12AM-2AM,0
C01550928336,20251227,1254,1,20251227,eCom,12215.0,0.186302083,OK,12:12:54 AM,12AM-2AM,0
C01557510507,20251227,1254,1,20251227,eCom,23251.0,0.24375,OK,12:12:54 AM,12AM-2AM,0
C01557514312,20251227,1254,1,20251227,eCom,981580.0,0.219829282,OK,12:12:54 AM,12AM-2AM,0
C01557508064,20251227,1254,1,20251227,eCom,295565.0,0.173375,OK,12:12:54 AM,12AM-2AM,0
C01557507150,20251227,1254,1,20251228,eCom,950001.0,0.365231481,OK,12:12:54 AM,12AM-2AM,0
C01557509537,20251227,1254,1,20251227,eCom,904951.0,0.021487269,OK,12:12:54 AM,12AM-2AM,0
C01557514304,20251227,1254,1,20251227,eCom,1137163.0,0.082505208,OK,12:12:54 AM,12AM-2AM,0
C01557508062,20251227,1254,1,20251227,eCom,190027.0,0.373171296,OK,12:12:54 AM,12AM-2AM,0
C01557507580,20251227,1254,1,20251227,eCom,1082918.0,0.1495,OK,12:12:54 AM,12AM-2AM,0
C01557507580,20251227,1254,1,20251227,eCom,1102172.0,0.092421875,OK,12:12:54 AM,12AM-2AM,0
C01557507580,20251227,1254,1,20251227,eCom,1098939.0,0.1495,OK,12:12:54 AM,12AM-2AM,0
C01557507580,20251227,1254,1,20251227,eCom,1083889.0,0.092421875,OK,12:12:54 AM,12AM-2AM,0
C01557507146,20251227,1254,1,20251227,eCom,1080653.0,0.258194444,OK,12:12:54 AM,12AM-2AM,0
C01557512497,20251227,1254,1,20251227,eCom,143528.0,0.066038194,OK,12:12:54 AM,12AM-2AM,0
C01557512497,20251227,1254,1,20251227,eCom,759062.0,0.200416667,OK,12:12:54 AM,12AM-2AM,0
C01557506653,20251227,1254,1,20251227,eCom,1065041.0,0.164520833,OK,12:12:54 AM,12AM-2AM,0
C01557510990,20251227,1254,1,20251228,eCom,308269.0,0.280989583,OK,12:12:54 AM,12AM-2AM,0
C01557512003,20251227,1254,1,20251227,eCom,,,large,12:12:54 AM,12AM-2AM,0
C01557510992,20251227,1254,1,20251227,eCom,907729.0,0.073587963,OK,12:12:54 AM,12AM-2AM,0
C01557511996,20251227,1254,1,20251227,eCom,70868.0,0.219675926,OK,12:12:54 AM,12AM-2AM,0
C01557508526,20251227,1254,1,20251227,eCom,813609.0,0.303206019,OK,12:12:54 AM,12AM-2AM,0
C01557509533,20251227,1254,1,20251227,eCom,,,large,12:12:54 AM,12AM-2AM,0
C01557509533,20251227,1254,1,20251227,eCom,926545.0,0.294907407,OK,12:12:54 AM,12AM-2AM,0
C01557514304,20251227,1254,1,20251227,eCom,1131940.0,0.069145255,OK,12:12:54 AM,12AM-2AM,0
C01557510034,20251227,1554,1,20251227,eCom,266201.0,0.288138889,OK,12:15:54 AM,12AM-2AM,0
C01557510519,20251227,1554,1,20251227,eCom,194721.0,0.283773148,OK,12:15:54 AM,12AM-2AM,0
C01557506664,20251227,1554,1,20251228,eCom,722210.0,0.29521875,OK,12:15:54 AM,12AM-2AM,0
C01557510519,20251227,1554,1,20251227,eCom,728942.0,0.283773148,OK,12:15:54 AM,12AM-2AM,0
C01557509063,20251227,1554,1,20251227,eCom,865073.0,0.0125,OK,12:15:54 AM,12AM-2AM,0
C01557509063,20251227,1554,1,20251227,eCom,873414.0,0.029333333,OK,12:15:54 AM,12AM-2AM,0
C01557509063,20251227,1554,1,20251227,eCom,858127.0,0.259,OK,12:15:54 AM,12AM-2AM,0
C01557509555,20251227,1554,1,20251227,eCom,180575.0,0.331665509,OK,12:15:54 AM,12AM-2AM,0
C01557509555,20251227,1554,1,20251227,eCom,54395.0,0.331665509,OK,12:15:54 AM,12AM-2AM,0
C01557510042,20251227,1554,1,20251228,eCom,1103579.0,0.285833333,OK,12:15:54 AM,12AM-2AM,0
C01557510042,20251227,1554,1,20251228,eCom,5915.0,0.05625,OK,12:15:54 AM,12AM-2AM,0
C01557510042,20251227,1554,1,20251228,eCom,5898.0,0.05625,OK,12:15:54 AM,12AM-2AM,0
C01557510526,20251227,1554,1,20251227,eCom,977122.0,0.353916667,OK,12:15:54 AM,12AM-2AM,0
C01557510526,20251227,1554,1,20251227,eCom,607466.0,0.367840278,OK,12:15:54 AM,12AM-2AM,0
C01557509063,20251227,1554,1,20251227,eCom,873555.0,0.070703704,OK,12:15:54 AM,12AM-2AM,0
C01557510045,20251227,1554,1,20251227,eCom,306621.0,0.078263889,OK,12:15:54 AM,12AM-2AM,0
C01557510045,20251227,1554,1,20251227,eCom,37683.0,0.076465278,OK,12:15:54 AM,12AM-2AM,0
C01557510045,20251227,1554,1,20251227,eCom,132119.0,0.069375,OK,12:15:54 AM,12AM-2AM,0
C01557513918,20251227,1554,1,20251227,eCom,1133511.0,0.0255,OK,12:15:54 AM,12AM-2AM,0
C01557512520,20251227,1554,1,20251227,eCom,875772.0,0.061689815,OK,12:15:54 AM,12AM-2AM,0
C01555134654,20251227,1554,1,20251227,eCom,127078.0,0.031166667,OK,12:15:54 AM,12AM-2AM,0
C01557507593,20251227,1554,1,20251227,eCom,73550.0,1.099,large,12:15:54 AM,12AM-2AM,0
C01557506675,20251227,1554,1,20251227,eCom,70734.0,0.3475,OK,12:15:54 AM,12AM-2AM,0
C01557508559,20251227,1554,1,20251228,eCom,394594.0,0.347604167,OK,12:15:54 AM,12AM-2AM,0
C01557509067,20251227,1554,1,20251228,eCom,177618.0,0.366564236,OK,12:15:54 AM,12AM-2AM,0
C01557513421,20251227,1554,1,20251227,eCom,1078243.0,0.074642361,OK,12:15:54 AM,12AM-2AM,0
C01557513421,20251227,1554,2,20251227,eCom,,,large,12:15:54 AM,12AM-2AM,0
C01557510042,20251227,1554,0,20251228,eCom,,,large,12:15:54 AM,12AM-2AM,0
C01557511008,20251227,1554,1,20251227,eCom,838111.0,0.331400463,OK,12:15:54 AM,12AM-2AM,0
C01557511008,20251227,1554,1,20251227,eCom,132279.0,0.063291667,OK,12:15:54 AM,12AM-2AM,0
C01557507168,20251227,1554,1,20251228,eCom,392245.0,0.218981481,OK,12:15:54 AM,12AM-2AM,0
C01557513909,20251227,1554,1,20251227,eCom,909215.0,0.027920139,OK,12:15:54 AM,12AM-2AM,0
C01557513904,20251227,1554,1,20251227,eCom,1070621.0,0.166909722,OK,12:15:54 AM,12AM-2AM,0
C01557512503,20251227,1554,1,20251227,eCom,904830.0,0.029868056,OK,12:15:54 AM,12AM-2AM,0
C01557512012,20251227,1554,1,20251227,eCom,1015584.0,0.391666667,OK,12:15:54 AM,12AM-2AM,0
P00001027049707,20251227,1554,1,20251227,eCom,724784.0,0.43303125,OK,12:15:54 AM,12AM-2AM,0
C01557510519,20251227,1554,1,20251227,eCom,689627.0,0.283773148,OK,12:15:54 AM,12AM-2AM,0
C01557511508,20251227,1554,1,20251227,eCom,652847.0,0.272631944,OK,12:15:54 AM,12AM-2AM,0
C01557511508,20251227,1554,1,20251227,eCom,1084035.0,0.048654514,OK,12:15:54 AM,12AM-2AM,0
C01557511508,20251227,1554,1,20251227,eCom,1051079.0,0.026782407,OK,12:15:54 AM,12AM-2AM,0
C01557511508,20251227,1554,1,20251227,eCom,1083673.0,0.036666667,OK,12:15:54 AM,12AM-2AM,0
C01557509543,20251227,1554,1,20251227,eCom,829210.0,0.184020833,OK,12:15:54 AM,12AM-2AM,0
C01557510034,20251227,1554,1,20251227,eCom,974709.0,0.098708333,OK,12:15:54 AM,12AM-2AM,0
C01557511512,20251227,1554,1,20251227,eCom,841026.0,0.9065,large,12:15:54 AM,12AM-2AM,0
C01557510034,20251227,1554,1,20251227,eCom,52127.0,0.242875,OK,12:15:54 AM,12AM-2AM,0
C01557507155,20251227,1554,1,20251227,eCom,265277.0,0.30765162,OK,12:15:54 AM,12AM-2AM,0
C01557510031,20251227,1554,1,20251227,eCom,782029.0,0.424305556,OK,12:15:54 AM,12AM-2AM,0
C01557514803,20251227,1554,1,20251227,eCom,14016.0,0.038759259,OK,12:15:54 AM,12AM-2AM,0
C01557514803,20251227,1554,1,20251227,eCom,1064919.0,0.263407407,OK,12:15:54 AM,12AM-2AM,0
C01557514803,20251227,1554,1,20251227,eCom,1113301.0,0.279388889,OK,12:15:54 AM,12AM-2AM,0
C01557513415,20251227,1554,1,20251228,eCom,56599.0,0.271344907,OK,12:15:54 AM,12AM-2AM,0
C01557513415,20251227,1554,0,20251228,eCom,71082.0,0.056056713,OK,12:15:54 AM,12AM-2AM,0
C01557512019,20251227,1555,1,20251227,eCom,939943.0,0.353347222,OK,12:15:55 AM,12AM-2AM,0
C01557514333,20251227,1555,1,20251227,eCom,12217.0,0.061152778,OK,12:15:55 AM,12AM-2AM,0
C01557514333,20251227,1555,1,20251227,eCom,1066142.0,0.080277778,OK,12:15:55 AM,12AM-2AM,0
P00001027049426,20251227,1555,1,20251228,eCom,39738.0,0.263411458,OK,12:15:55 AM,12AM-2AM,0
C01557509075,20251227,1855,1,20251228,eCom,670262.0,0.360590278,OK,12:18:55 AM,12AM-2AM,0
C01557509564,20251227,1855,1,20251227,eCom,1126423.0,0.048481481,OK,12:18:55 AM,12AM-2AM,0
C01557509564,20251227,1855,1,20251227,eCom,3959.0,0.082614583,OK,12:18:55 AM,12AM-2AM,0
C01557507173,20251227,1855,1,20251227,eCom,211485.0,0.034305556,OK,12:18:55 AM,12AM-2AM,0
C01557506689,20251227,1855,1,20251227,eCom,,,large,12:18:55 AM,12AM-2AM,0
C01557506689,20251227,1855,1,20251227,eCom,922534.0,0.267482639,OK,12:18:55 AM,12AM-2AM,0
C01557506689,20251227,1855,1,20251227,eCom,62577.0,0.06,OK,12:18:55 AM,12AM-2AM,0
C01557507599,20251227,1855,1,20251227,eCom,23249.0,0.255642361,OK,12:18:55 AM,12AM-2AM,0
C01557507173,20251227,1855,1,20251227,eCom,54944.0,0.251574074,OK,12:18:55 AM,12AM-2AM,0
C01557507173,20251227,1855,1,20251227,eCom,1082423.0,0.251574074,OK,12:18:55 AM,12AM-2AM,0
C01557507173,20251227,1855,1,20251227,eCom,23736.0,0.133072917,OK,12:18:55 AM,12AM-2AM,0
C01557512035,20251227,1855,1,20251227,eCom,904951.0,0.021487269,OK,12:18:55 AM,12AM-2AM,0
C01557510536,20251227,1855,1,20251227,eCom,1146553.0,0.2024375,OK,12:18:55 AM,12AM-2AM,0
C01557509079,20251227,1855,1,20251227,eCom,1111887.0,0.293524306,OK,12:18:55 AM,12AM-2AM,0
C01557509079,20251227,1855,1,20251227,eCom,994049.0,0.425012153,OK,12:18:55 AM,12AM-2AM,0
C01557511532,20251227,1855,1,20251227,eCom,1127193.0,0.086777778,OK,12:18:55 AM,12AM-2AM,0
C01557511532,20251227,1855,1,20251227,eCom,939327.0,0.376597222,OK,12:18:55 AM,12AM-2AM,0
C01557511532,20251227,1855,1,20251227,eCom,1125995.0,0.02896412,OK,12:18:55 AM,12AM-2AM,0
C01557509071,20251227,1855,1,20251227,eCom,909405.0,0.061625,OK,12:18:55 AM,12AM-2AM,0
C01557509071,20251227,1855,1,20251227,eCom,904951.0,0.021487269,OK,12:18:55 AM,12AM-2AM,0
C01557506689,20251227,1855,1,20251227,eCom,68464.0,0.047552083,OK,12:18:55 AM,12AM-2AM,0
C01554537265,20251227,1855,1,20251227,eCom,884004.0,0.054287037,OK,12:18:55 AM,12AM-2AM,0
C01557509563,20251227,1855,2,20251227,eCom,877331.0,0.102777778,OK,12:18:55 AM,12AM-2AM,0
C01557509563,20251227,1855,2,20251227,eCom,932549.0,0.031319444,OK,12:18:55 AM,12AM-2AM,0
C01557509076,20251227,1855,1,20251227,eCom,857792.0,0.082465278,OK,12:18:55 AM,12AM-2AM,0
C01557511023,20251227,1855,1,20251227,eCom,67440.0,0.177375,OK,12:18:55 AM,12AM-2AM,0
C01557511023,20251227,1855,1,20251227,eCom,24413.0,0.204817708,OK,12:18:55 AM,12AM-2AM,0
C01557508098,20251227,1855,1,20251227,eCom,1128621.0,0.19375,OK,12:18:55 AM,12AM-2AM,0
C01557511530,20251227,1855,1,20251227,eCom,222795.0,0.360978009,OK,12:18:55 AM,12AM-2AM,0
C01557511530,20251227,1855,1,20251227,eCom,204030.0,0.109253472,OK,12:18:55 AM,12AM-2AM,0
C01557510542,20251227,1855,1,20251228,eCom,423383.0,0.28246875,OK,12:18:55 AM,12AM-2AM,0
C01557506689,20251227,1855,1,20251227,eCom,907959.0,0.031752315,OK,12:18:55 AM,12AM-2AM,0
C01557506689,20251227,1855,1,20251227,eCom,906933.0,0.009138889,OK,12:18:55 AM,12AM-2AM,0
C01557507173,20251227,1855,1,20251227,eCom,24412.0,0.251243056,OK,12:18:55 AM,12AM-2AM,0
C01557507178,20251227,1855,1,20251227,eCom,904820.0,0.041452546,OK,12:18:55 AM,12AM-2AM,0
C01557507173,20251227,1855,1,20251227,eCom,905070.0,0.021944444,OK,12:18:55 AM,12AM-2AM,0
C01557507178,20251227,1855,1,20251227,eCom,905704.0,0.019484954,OK,12:18:55 AM,12AM-2AM,0
C01557514833,20251227,2255,1,20251227,eCom,829195.0,0.0795625,OK,12:22:55 AM,12AM-2AM,0
C01557508578,20251227,2255,1,20251227,eCom,607532.0,0.374475694,OK,12:22:55 AM,12AM-2AM,0
C01557514833,20251227,2255,1,20251227,eCom,829229.0,0.183760417,OK,12:22:55 AM,12AM-2AM,0
C01557510552,20251227,2255,1,20251227,eCom,1070535.0,0.131898148,OK,12:22:55 AM,12AM-2AM,0
C01557510552,20251227,2255,1,20251227,eCom,1070981.0,0.141777778,OK,12:22:55 AM,12AM-2AM,0
C01557510552,20251227,2255,1,20251227,eCom,1081508.0,0.053777778,OK,12:22:55 AM,12AM-2AM,0
C01557510552,20251227,2255,1,20251227,eCom,1058898.0,0.053777778,OK,12:22:55 AM,12AM-2AM,0
C01557512962,20251227,2255,1,20251227,eCom,136778.0,0.143083333,OK,12:22:55 AM,12AM-2AM,0
C01557512962,20251227,2255,1,20251227,eCom,1122135.0,0.166909722,OK,12:22:55 AM,12AM-2AM,0
C01557507184,20251227,2255,1,20251227,eCom,904951.0,0.021487269,OK,12:22:55 AM,12AM-2AM,0
C01557510549,20251227,2255,1,20251228,eCom,160568.0,0.279739583,OK,12:22:55 AM,12AM-2AM,0
C01557506695,20251227,2255,1,20251227,eCom,42335.0,0.283773148,OK,12:22:55 AM,12AM-2AM,0
C01557506695,20251227,2255,1,20251227,eCom,1066005.0,0.105902778,OK,12:22:55 AM,12AM-2AM,0
C01557506695,20251227,2255,1,20251227,eCom,137978.0,0.27421875,OK,12:22:55 AM,12AM-2AM,0
C01557506695,20251227,2255,1,20251227,eCom,138922.0,0.277604167,OK,12:22:55 AM,12AM-2AM,0
C01557514355,20251227,2255,1,20251228,eCom,978521.0,0.27546875,OK,12:22:55 AM,12AM-2AM,0
C01557507187,20251227,2255,1,20251227,eCom,316487.0,0.255052083,OK,12:22:55 AM,12AM-2AM,0
C01557513931,20251227,2255,1,20251228,eCom,315179.0,0.190125,OK,12:22:55 AM,12AM-2AM,0
C01557513450,20251227,2255,1,20251228,eCom,590037.0,0.27015625,OK,12:22:55 AM,12AM-2AM,0
C01557508578,20251227,2255,1,20251227,eCom,67034.0,0.506791088,large,12:22:55 AM,12AM-2AM,0
C01557508578,20251227,2255,1,20251227,eCom,1085842.0,0.169328704,OK,12:22:55 AM,12AM-2AM,0
C01557508578,20251227,2255,1,20251227,eCom,81698.0,0.428375,OK,12:22:55 AM,12AM-2AM,0
C01557510552,20251227,2255,1,20251227,eCom,1055853.0,0.190666667,OK,12:22:55 AM,12AM-2AM,0
C01557509090,20251227,2255,1,20251227,eCom,505337.0,0.106604167,OK,12:22:55 AM,12AM-2AM,0
C01557509090,20251227,2255,1,20251227,eCom,794123.0,0.083850694,OK,12:22:55 AM,12AM-2AM,0
C01557509090,20251227,2255,1,20251227,eCom,449504.0,0.13225,OK,12:22:55 AM,12AM-2AM,0
C01557509090,20251227,2255,1,20251227,eCom,49973.0,0.109739583,OK,12:22:55 AM,12AM-2AM,0
C01557508578,20251227,2255,1,20251227,eCom,9673.0,0.16734375,OK,12:22:55 AM,12AM-2AM,0
P00001027049761,20251227,2326,1,20251228,eCom,202355.0,0.273523148,OK,12:23:26 AM,12AM-2AM,0
P00001027049762,20251227,2326,1,20251227,eCom,12262.0,0.180565972,OK,12:23:26 AM,12AM-2AM,0
C01557507613,20251227,2326,1,20251227,eCom,22829.0,0.255642361,OK,12:23:26 AM,12AM-2AM,0
C01557511039,20251227,2326,1,20251227,eCom,196213.0,0.453873843,OK,12:23:26 AM,12AM-2AM,0
C01557513932,20251227,2326,1,20251227,eCom,53835.0,0.070277778,OK,12:23:26 AM,12AM-2AM,0
C01557513932,20251227,2326,1,20251227,eCom,1068177.0,0.031446759,OK,12:23:26 AM,12AM-2AM,0
C01557509578,20251227,2326,1,20251227,eCom,498142.0,0.230489583,OK,12:23:26 AM,12AM-2AM,0
C01557509578,20251227,2326,1,20251227,eCom,496951.0,0.227065972,OK,12:23:26 AM,12AM-2AM,0
C01557513932,20251227,2326,1,20251227,eCom,1086532.0,0.031042245,OK,12:23:26 AM,12AM-2AM,0
C01557511035,20251227,2326,2,20251227,eCom,,,large,12:23:26 AM,12AM-2AM,0
C01557513932,20251227,2326,1,20251227,eCom,1063686.0,0.031042245,OK,12:23:26 AM,12AM-2AM,0
C01557513932,20251227,2326,1,20251227,eCom,1082892.0,0.031042245,OK,12:23:26 AM,12AM-2AM,0
C01557510072,20251227,2356,1,20251227,eCom,1064919.0,0.263407407,OK,12:23:56 AM,12AM-2AM,0
C01557514854,20251227,2356,1,20251227,eCom,831201.0,0.27271412,OK,12:23:56 AM,12AM-2AM,0
C01557514854,20251227,2356,1,20251227,eCom,1065501.0,0.185208333,OK,12:23:56 AM,12AM-2AM,0
C01557514849,20251227,2356,1,20251227,eCom,1048355.0,0.152945602,OK,12:23:56 AM,12AM-2AM,0
C01557513943,20251227,2356,1,20251227,eCom,,,large,12:23:56 AM,12AM-2AM,0
C01557510071,20251227,2356,1,20251228,eCom,443478.0,0.302944444,OK,12:23:56 AM,12AM-2AM,0
C01557511559,20251227,2356,1,20251228,eCom,661095.0,0.342599537,OK,12:23:56 AM,12AM-2AM,0
C01557510556,20251227,2356,1,20251227,eCom,,,large,12:23:56 AM,12AM-2AM,0
C01557514849,20251227,2356,1,20251227,eCom,1086309.0,0.183680556,OK,12:23:56 AM,12AM-2AM,0
C01557508587,20251227,2356,1,20251227,eCom,610464.0,0.370449074,OK,12:23:56 AM,12AM-2AM,0
C01557514846,20251227,2356,0,20251228,eCom,71082.0,0.056056713,OK,12:23:56 AM,12AM-2AM,0
C01557514846,20251227,2356,1,20251228,eCom,56599.0,0.271344907,OK,12:23:56 AM,12AM-2AM,0
C01557513950,20251227,2356,1,20251227,eCom,758016.0,0.235417824,OK,12:23:56 AM,12AM-2AM,0
C01557513943,20251227,2356,1,20251227,eCom,28692.0,0.056527778,OK,12:23:56 AM,12AM-2AM,0
C01557512054,20251227,2356,1,20251227,eCom,715470.0,0.4505,OK,12:23:56 AM,12AM-2AM,0
C01557511044,20251227,2426,1,20251227,eCom,295659.0,0.173375,OK,12:24:26 AM,12AM-2AM,0
C01557511044,20251227,2426,1,20251227,eCom,296768.0,0.173375,OK,12:24:26 AM,12AM-2AM,0
C01557515290,20251227,2426,1,20251227,eCom,502127.0,0.083850694,OK,12:24:26 AM,12AM-2AM,0
C01557515290,20251227,2426,1,20251227,eCom,507069.0,0.069513889,OK,12:24:26 AM,12AM-2AM,0
C01557515290,20251227,2426,1,20251227,eCom,387536.0,0.071777778,OK,12:24:26 AM,12AM-2AM,0
P00001027049532,20251227,2426,1,20251227,eCom,212179.0,0.277604167,OK,12:24:26 AM,12AM-2AM,0
C01557515290,20251227,2426,1,20251227,eCom,502395.0,0.069513889,OK,12:24:26 AM,12AM-2AM,0
C01557511044,20251227,2426,1,20251227,eCom,295565.0,0.173375,OK,12:24:26 AM,12AM-2AM,0
C01557512976,20251227,2656,1,20251227,eCom,207706.0,0.251497685,OK,12:26:56 AM,12AM-2AM,0
C01557511052,20251227,2726,1,20251227,eCom,295443.0,1.93375,large,12:27:26 AM,12AM-2AM,0
C01557511052,20251227,2726,1,20251227,eCom,54273.0,0.122888889,OK,12:27:26 AM,12AM-2AM,0
C01557508607,20251227,2726,1,20251227,eCom,432806.0,0.259337963,OK,12:27:26 AM,12AM-2AM,0
C01557508607,20251227,2726,1,20251227,eCom,431670.0,0.259337963,OK,12:27:26 AM,12AM-2AM,0
C01557511056,20251227,2726,0,20251227,eCom,137762.0,0.060966435,OK,12:27:26 AM,12AM-2AM,0
C01557511056,20251227,2726,1,20251227,eCom,1131789.0,0.093270833,OK,12:27:26 AM,12AM-2AM,0
C01557512981,20251227,2726,1,20251227,eCom,629488.0,0.302589699,OK,12:27:26 AM,12AM-2AM,0
C01557508131,20251227,2726,2,20251227,eCom,829381.0,0.075833333,OK,12:27:26 AM,12AM-2AM,0
C01557508607,20251227,2726,1,20251227,eCom,430711.0,0.183865741,OK,12:27:26 AM,12AM-2AM,0
C01557508607,20251227,2726,1,20251227,eCom,433255.0,0.259337963,OK,12:27:26 AM,12AM-2AM,0
C01557507642,20251227,2726,1,20251227,eCom,865068.0,0.04296875,OK,12:27:26 AM,12AM-2AM,0
C01557507642,20251227,2726,1,20251227,eCom,868824.0,0.122175926,OK,12:27:26 AM,12AM-2AM,0
C01557508130,20251227,2726,1,20251227,eCom,567126.0,0.335,OK,12:27:26 AM,12AM-2AM,0
C01557509597,20251227,2726,1,20251227,eCom,337710.0,0.338722222,OK,12:27:26 AM,12AM-2AM,0
C01557509601,20251227,2726,1,20251227,eCom,,,large,12:27:26 AM,12AM-2AM,0
C01557509601,20251227,2726,1,20251227,eCom,63240.0,0.213444444,OK,12:27:26 AM,12AM-2AM,0
C01557509601,20251227,2726,1,20251227,eCom,67089.0,0.197895833,OK,12:27:26 AM,12AM-2AM,0
C01557512974,20251227,2726,1,20251227,eCom,139562.0,0.283773148,OK,12:27:26 AM,12AM-2AM,0
C01557514379,20251227,2726,1,20251227,eCom,490420.0,0.277604167,OK,12:27:26 AM,12AM-2AM,0
C01557514379,20251227,2726,1,20251227,eCom,37355.0,0.365231481,OK,12:27:26 AM,12AM-2AM,0
C01557510089,20251227,2726,1,20251227,eCom,834251.0,0.101291667,OK,12:27:26 AM,12AM-2AM,0
P00001027049829,20251227,2726,1,20251227,eCom,805055.0,0.259375,OK,12:27:26 AM,12AM-2AM,0
C01557508605,20251227,2726,1,20251227,eCom,1082745.0,0.155636574,OK,12:27:26 AM,12AM-2AM,0
C01557514860,20251227,2726,1,20251227,eCom,49446.0,0.283151042,OK,12:27:26 AM,12AM-2AM,0
C01557514860,20251227,2726,1,20251227,eCom,194811.0,0.27815625,OK,12:27:26 AM,12AM-2AM,0
C01557512561,20251227,2726,1,20251228,eCom,964363.0,0.2701875,OK,12:27:26 AM,12AM-2AM,0
C01557509110,20251227,2726,1,20251227,eCom,127305.0,0.185625,OK,12:27:26 AM,12AM-2AM,0
C01557509597,20251227,2726,1,20251227,eCom,486142.0,0.252890625,OK,12:27:26 AM,12AM-2AM,0
C01557513466,20251227,2726,1,20251227,eCom,,,large,12:27:26 AM,12AM-2AM,0
C01557513466,20251227,2726,1,20251227,eCom,1117537.0,0.163556134,OK,12:27:26 AM,12AM-2AM,0
C01557513466,20251227,2726,1,20251227,eCom,24146.0,1.063428819,large,12:27:26 AM,12AM-2AM,0
C01557513466,20251227,2726,1,20251227,eCom,870471.0,0.024840278,OK,12:27:26 AM,12AM-2AM,0
C01557513466,20251227,2726,1,20251227,eCom,870482.0,0.022222222,OK,12:27:26 AM,12AM-2AM,0
C01557513466,20251227,2726,1,20251227,eCom,870492.0,0.022222222,OK,12:27:26 AM,12AM-2AM,0
C01557513466,20251227,2726,1,20251227,eCom,872585.0,0.052708333,OK,12:27:26 AM,12AM-2AM,0
C01557513466,20251227,2726,1,20251227,eCom,868070.0,0.034305556,OK,12:27:26 AM,12AM-2AM,0
C01557513955,20251227,2726,1,20251227,eCom,908159.0,0.073548611,OK,12:27:26 AM,12AM-2AM,0
C01557513955,20251227,2726,2,20251227,eCom,910563.0,0.005638889,OK,12:27:26 AM,12AM-2AM,0
C01557512975,20251227,2726,1,20251227,eCom,66261.0,0.1133125,OK,12:27:26 AM,12AM-2AM,0
C01557512975,20251227,2726,1,20251227,eCom,71988.0,0.150815972,OK,12:27:26 AM,12AM-2AM,0
C01557512975,20251227,2726,1,20251227,eCom,66985.0,0.150815972,OK,12:27:26 AM,12AM-2AM,0
C01557512975,20251227,2726,1,20251227,eCom,65110.0,0.240680556,OK,12:27:26 AM,12AM-2AM,0
C01557513466,20251227,2726,1,20251227,eCom,1062177.0,0.263407407,OK,12:27:26 AM,12AM-2AM,0
C01557513466,20251227,2726,1,20251227,eCom,982302.0,0.106604167,OK,12:27:26 AM,12AM-2AM,0
C01557508604,20251227,2726,1,20251227,eCom,700498.0,0.372685185,OK,12:27:26 AM,12AM-2AM,0
C01557515306,20251227,2726,1,20251227,eCom,858123.0,0.042243056,OK,12:27:26 AM,12AM-2AM,0
C01557515306,20251227,2726,1,20251227,eCom,331299.0,0.214585648,OK,12:27:26 AM,12AM-2AM,0
C01557515306,20251227,2726,1,20251227,eCom,1071351.0,0.070125,OK,12:27:26 AM,12AM-2AM,0
C01557515306,20251227,2726,1,20251227,eCom,877286.0,0.130212963,OK,12:27:26 AM,12AM-2AM,0
C01557513960,20251227,2726,1,20251227,eCom,22416.0,0.102994792,OK,12:27:26 AM,12AM-2AM,0
C01557513960,20251227,2726,1,20251227,eCom,837416.0,0.07765625,OK,12:27:26 AM,12AM-2AM,0
C01557513955,20251227,2726,1,20251227,eCom,84903.0,0.0126875,OK,12:27:26 AM,12AM-2AM,0
C01557513953,20251227,2726,1,20251227,eCom,9739.0,0.484291667,OK,12:27:26 AM,12AM-2AM,0
C01557513953,20251227,2726,1,20251227,eCom,,,large,12:27:26 AM,12AM-2AM,0
C01557513953,20251227,2726,1,20251227,eCom,907101.0,0.037171875,OK,12:27:26 AM,12AM-2AM,0
C01557508604,20251227,2726,1,20251227,eCom,137029.0,0.094875,OK,12:27:26 AM,12AM-2AM,0
C01557508604,20251227,2726,1,20251227,eCom,137510.0,0.094875,OK,12:27:26 AM,12AM-2AM,0
C01557508604,20251227,2726,1,20251227,eCom,1095385.0,0.13015625,OK,12:27:26 AM,12AM-2AM,0
C01557508604,20251227,2726,1,20251227,eCom,926612.0,0.2145,OK,12:27:26 AM,12AM-2AM,0
C01557508604,20251227,2726,1,20251227,eCom,185803.0,0.365231481,OK,12:27:26 AM,12AM-2AM,0
C01557510081,20251227,2726,1,20251227,eCom,124750.0,0.047760417,OK,12:27:26 AM,12AM-2AM,0
C01557510081,20251227,2726,1,20251227,eCom,1103594.0,0.046850694,OK,12:27:26 AM,12AM-2AM,0
C01557510081,20251227,2726,1,20251227,eCom,1049091.0,0.046850694,OK,12:27:26 AM,12AM-2AM,0
C01557507641,20251227,2726,1,20251227,eCom,495792.0,0.336194444,OK,12:27:26 AM,12AM-2AM,0
C01557507641,20251227,2726,1,20251227,eCom,985481.0,0.336194444,OK,12:27:26 AM,12AM-2AM,0
C01557511056,20251227,2726,1,20251227,eCom,1136810.0,0.19375,OK,12:27:26 AM,12AM-2AM,0
C01557511056,20251227,2726,1,20251227,eCom,1131296.0,0.030104167,OK,12:27:26 AM,12AM-2AM,0
C01557513466,20251227,2726,1,20251227,eCom,863676.0,0.017438657,OK,12:27:26 AM,12AM-2AM,0
C01557513466,20251227,2726,1,20251227,eCom,864648.0,0.101779514,OK,12:27:26 AM,12AM-2AM,0
P00001027049817,20251227,2726,1,20251227,eCom,69509.0,0.2125,OK,12:27:26 AM,12AM-2AM,0
C01557511056,20251227,2726,1,20251227,eCom,1137129.0,0.07,OK,12:27:26 AM,12AM-2AM,0
C01557507208,20251227,2726,1,20251227,eCom,869127.0,0.032259259,OK,12:27:26 AM,12AM-2AM,0
C01557507208,20251227,2726,0,20251227,eCom,41547.0,0.088074074,OK,12:27:26 AM,12AM-2AM,0
C01557510566,20251227,2726,1,20251227,eCom,913804.0,0.0144375,OK,12:27:26 AM,12AM-2AM,0
C01557508124,20251227,2726,1,20251227,eCom,1067800.0,0.119708333,OK,12:27:26 AM,12AM-2AM,0
C01557508124,20251227,2726,1,20251227,eCom,1068921.0,0.119708333,OK,12:27:26 AM,12AM-2AM,0
C01557513953,20251227,2726,1,20251227,eCom,969457.0,0.1425,OK,12:27:26 AM,12AM-2AM,0
C01557508601,20251227,2726,1,20251227,eCom,42621.0,0.258796296,OK,12:27:26 AM,12AM-2AM,0
C01557508601,20251227,2726,1,20251227,eCom,476418.0,0.2625,OK,12:27:26 AM,12AM-2AM,0
C01557508599,20251227,2726,1,20251227,eCom,857748.0,0.017317708,OK,12:27:26 AM,12AM-2AM,0
C01557507209,20251227,2726,1,20251227,eCom,69630.0,0.2125,OK,12:27:26 AM,12AM-2AM,0
C01557507209,20251227,2726,1,20251227,eCom,1085888.0,0.163956019,OK,12:27:26 AM,12AM-2AM,0
C01557507209,20251227,2726,1,20251227,eCom,1078420.0,0.15771875,OK,12:27:26 AM,12AM-2AM,0
C01557511056,20251227,2726,1,20251227,eCom,862684.0,0.0585,OK,12:27:26 AM,12AM-2AM,0
C01557507209,20251227,2726,1,20251227,eCom,63861.0,0.142375,OK,12:27:26 AM,12AM-2AM,0
C01557507652,20251227,2727,1,20251227,eCom,1075376.0,0.04375,OK,12:27:27 AM,12AM-2AM,0
C01557507652,20251227,2727,1,20251227,eCom,137765.0,0.056138889,OK,12:27:27 AM,12AM-2AM,0
C01557507652,20251227,2727,1,20251227,eCom,,,large,12:27:27 AM,12AM-2AM,0
C01557510096,20251227,2727,1,20251227,eCom,1067539.0,0.043713542,OK,12:27:27 AM,12AM-2AM,0
C01557515798,20251227,2727,1,20251227,eCom,206119.0,0.185430556,OK,12:27:27 AM,12AM-2AM,0
C01557515798,20251227,2727,1,20251227,eCom,667335.0,0.127178819,OK,12:27:27 AM,12AM-2AM,0
C01557515799,20251227,2727,1,20251227,eCom,35594.0,0.128576389,OK,12:27:27 AM,12AM-2AM,0
C01557512071,20251227,2727,1,20251227,eCom,1047937.0,0.169383681,OK,12:27:27 AM,12AM-2AM,0
C01557512071,20251227,2727,1,20251227,eCom,1053098.0,0.09075,OK,12:27:27 AM,12AM-2AM,0
C01557512071,20251227,2727,1,20251227,eCom,205443.0,0.1515625,OK,12:27:27 AM,12AM-2AM,0
C01557510582,20251227,2727,1,20251227,eCom,1156253.0,0.370023148,OK,12:27:27 AM,12AM-2AM,0
C01557514386,20251227,2727,1,20251227,eCom,1102927.0,0.030625,OK,12:27:27 AM,12AM-2AM,0
C01557514386,20251227,2727,1,20251227,eCom,9794.0,0.110229167,OK,12:27:27 AM,12AM-2AM,0
C01557514386,20251227,2727,1,20251227,eCom,833909.0,0.050538194,OK,12:27:27 AM,12AM-2AM,0
C01557512081,20251227,2727,1,20251227,eCom,392458.0,0.379835069,OK,12:27:27 AM,12AM-2AM,0
C01557512992,20251227,2727,1,20251227,eCom,,,large,12:27:27 AM,12AM-2AM,0
C01557512992,20251227,2727,1,20251227,eCom,27426.0,0.168987847,OK,12:27:27 AM,12AM-2AM,0
C01557515798,20251227,2727,1,20251227,eCom,387631.0,0.159476852,OK,12:27:27 AM,12AM-2AM,0
C01556988473,20251227,2727,1,20251227,eCom,409065.0,0.438722222,OK,12:27:27 AM,12AM-2AM,0
C01557510096,20251227,2727,1,20251227,eCom,13904.0,0.056017361,OK,12:27:27 AM,12AM-2AM,0
C01557515799,20251227,2727,1,20251227,eCom,704893.0,0.273523148,OK,12:27:27 AM,12AM-2AM,0
C01557515799,20251227,2727,1,20251227,eCom,37129.0,0.155772569,OK,12:27:27 AM,12AM-2AM,0
C01557512071,20251227,2727,1,20251227,eCom,1120714.0,0.292578125,OK,12:27:27 AM,12AM-2AM,0
C01557510096,20251227,2727,1,20251227,eCom,945767.0,0.065001157,OK,12:27:27 AM,12AM-2AM,0
C01557510096,20251227,2727,1,20251227,eCom,30352.0,0.037472222,OK,12:27:27 AM,12AM-2AM,0
C01557510096,20251227,2727,1,20251227,eCom,30347.0,0.037472222,OK,12:27:27 AM,12AM-2AM,0
C01557507653,20251227,2727,1,20251227,eCom,851047.0,0.050555556,OK,12:27:27 AM,12AM-2AM,0
C01557515804,20251227,2727,1,20251227,eCom,8761.0,0.61875,large,12:27:27 AM,12AM-2AM,0
C01557508133,20251227,2727,1,20251227,eCom,904951.0,0.021487269,OK,12:27:27 AM,12AM-2AM,0
C01557512575,20251227,2727,1,20251228,eCom,431031.0,0.324398148,OK,12:27:27 AM,12AM-2AM,0
C01557510093,20251227,2727,2,20251227,eCom,724601.0,0.362622685,OK,12:27:27 AM,12AM-2AM,0
C01557509117,20251227,2727,1,20251227,eCom,837469.0,0.575555556,large,12:27:27 AM,12AM-2AM,0
C01557511069,20251227,2727,1,20251227,eCom,,,large,12:27:27 AM,12AM-2AM,0
C01557515318,20251227,2727,1,20251227,eCom,135276.0,0.130277778,OK,12:27:27 AM,12AM-2AM,0
C01557513966,20251227,2727,1,20251227,eCom,877523.0,0.558645833,large,12:27:27 AM,12AM-2AM,0
C01557511069,20251227,2727,1,20251227,eCom,,,large,12:27:27 AM,12AM-2AM,0
C01557507653,20251227,2727,1,20251227,eCom,372920.0,0.361261574,OK,12:27:27 AM,12AM-2AM,0
C01557513986,20251227,3027,1,20251227,eCom,430757.0,0.257472222,OK,12:30:27 AM,12AM-2AM,0
C01557513986,20251227,3027,1,20251227,eCom,433268.0,0.257472222,OK,12:30:27 AM,12AM-2AM,0
C01557515817,20251227,3027,1,20251228,eCom,948148.0,0.268125,OK,12:30:27 AM,12AM-2AM,0
C01557511075,20251227,3027,1,20251227,eCom,858813.0,0.04875,OK,12:30:27 AM,12AM-2AM,0
C01557509623,20251227,3027,1,20251227,eCom,588839.0,0.318229167,OK,12:30:27 AM,12AM-2AM,0
C01557514883,20251227,3027,1,20251228,eCom,490256.0,0.339888889,OK,12:30:27 AM,12AM-2AM,0
C01557510104,20251227,3027,1,20251227,eCom,11197.0,0.050668981,OK,12:30:27 AM,12AM-2AM,0
C01557510104,20251227,3027,1,20251227,eCom,11038.0,0.075472222,OK,12:30:27 AM,12AM-2AM,0
C01557515818,20251227,3027,1,20251227,eCom,745512.0,0.107997685,OK,12:30:27 AM,12AM-2AM,0
C01557515818,20251227,3027,1,20251227,eCom,857896.0,0.050138889,OK,12:30:27 AM,12AM-2AM,0
C01557515818,20251227,3027,1,20251227,eCom,891660.0,0.045833333,OK,12:30:27 AM,12AM-2AM,0
C01557510586,20251227,3027,1,20251227,eCom,582499.0,0.390752315,OK,12:30:27 AM,12AM-2AM,0
C01557515807,20251227,3027,1,20251227,eCom,276526.0,0.362622685,OK,12:30:27 AM,12AM-2AM,0
C01557509134,20251227,3027,1,20251227,eCom,926319.0,0.207268519,OK,12:30:27 AM,12AM-2AM,0
C01557509134,20251227,3027,1,20251227,eCom,28949.0,0.14453125,OK,12:30:27 AM,12AM-2AM,0
C01557512581,20251227,3027,1,20251227,eCom,,,large,12:30:27 AM,12AM-2AM,0
C01557508630,20251227,3027,1,20251227,eCom,26302.0,0.2284375,OK,12:30:27 AM,12AM-2AM,0
C01557514395,20251227,3027,1,20251228,eCom,1165501.0,0.331665509,OK,12:30:27 AM,12AM-2AM,0
C01557508628,20251227,3027,1,20251227,eCom,406264.0,0.370023148,OK,12:30:27 AM,12AM-2AM,0
C01557508628,20251227,3027,1,20251227,eCom,58098.0,0.452625,OK,12:30:27 AM,12AM-2AM,0
C01557512088,20251227,3027,1,20251227,eCom,296398.0,0.216791667,OK,12:30:27 AM,12AM-2AM,0
C01557512088,20251227,3027,1,20251227,eCom,1070956.0,0.191446759,OK,12:30:27 AM,12AM-2AM,0
C01557512998,20251227,3027,1,20251227,eCom,921878.0,0.193314815,OK,12:30:27 AM,12AM-2AM,0
C01557512998,20251227,3027,1,20251227,eCom,1066599.0,0.238559028,OK,12:30:27 AM,12AM-2AM,0
C01557513502,20251227,3027,1,20251227,eCom,981809.0,0.271435185,OK,12:30:27 AM,12AM-2AM,0
C01557514411,20251227,3027,1,20251227,eCom,432352.0,0.365,OK,12:30:27 AM,12AM-2AM,0
C01557513015,20251227,3027,1,20251228,eCom,449436.0,0.230411458,OK,12:30:27 AM,12AM-2AM,0
C01557509631,20251227,3027,1,20251227,eCom,744822.0,0.127178819,OK,12:30:27 AM,12AM-2AM,0
C01557514411,20251227,3027,1,20251227,eCom,476030.0,0.368344907,OK,12:30:27 AM,12AM-2AM,0
C01557512597,20251227,3027,1,20251227,eCom,1086586.0,0.161145833,OK,12:30:27 AM,12AM-2AM,0
C01557512597,20251227,3027,1,20251227,eCom,3014.0,0.127628472,OK,12:30:27 AM,12AM-2AM,0
C01557513986,20251227,3027,1,20251227,eCom,3343.0,0.036822917,OK,12:30:27 AM,12AM-2AM,0
C01557509622,20251227,3027,1,20251227,eCom,943948.0,0.286050926,OK,12:30:27 AM,12AM-2AM,0
C01557511590,20251227,3027,1,20251228,eCom,42537.0,0.268125,OK,12:30:27 AM,12AM-2AM,0
C01557511085,20251227,3027,1,20251227,eCom,61882.0,0.271875,OK,12:30:27 AM,12AM-2AM,0
C01557515334,20251227,3027,1,20251228,eCom,127957.0,0.178046875,OK,12:30:27 AM,12AM-2AM,0
C01557511090,20251227,3027,1,20251227,eCom,914570.0,0.093683333,OK,12:30:27 AM,12AM-2AM,0
C01557511082,20251227,3027,1,20251227,eCom,1051915.0,0.130572917,OK,12:30:27 AM,12AM-2AM,0
C01557508636,20251227,3027,1,20251227,eCom,842639.0,0.603125,large,12:30:27 AM,12AM-2AM,0
C01557508628,20251227,3027,1,20251227,eCom,876990.0,0.061125579,OK,12:30:27 AM,12AM-2AM,0
C01557508628,20251227,3027,1,20251227,eCom,865908.0,0.064652778,OK,12:30:27 AM,12AM-2AM,0
C01557508628,20251227,3027,1,20251227,eCom,891029.0,0.070405093,OK,12:30:27 AM,12AM-2AM,0
C01557515335,20251227,3027,1,20251227,eCom,296228.0,0.224697917,OK,12:30:27 AM,12AM-2AM,0
C01557508164,20251227,3027,2,20251227,eCom,306258.0,0.007555556,OK,12:30:27 AM,12AM-2AM,0
C01557509142,20251227,3027,1,20251228,eCom,360201.0,0.258125,OK,12:30:27 AM,12AM-2AM,0
C01557512596,20251227,3027,1,20251227,eCom,1001444.0,0.151041667,OK,12:30:27 AM,12AM-2AM,0
C01557507671,20251227,3027,1,20251227,eCom,,,large,12:30:27 AM,12AM-2AM,0
C01557515828,20251227,3027,1,20251227,eCom,474398.0,0.309027778,OK,12:30:27 AM,12AM-2AM,0
C01557512593,20251227,3027,1,20251227,eCom,839029.0,0.017462963,OK,12:30:27 AM,12AM-2AM,0
C01557511085,20251227,3027,1,20251227,eCom,882184.0,0.060666667,OK,12:30:27 AM,12AM-2AM,0
C01557513502,20251227,3027,1,20251227,eCom,977171.0,0.2603125,OK,12:30:27 AM,12AM-2AM,0
C01557515336,20251227,3027,1,20251227,eCom,1056576.0,0.21057581,OK,12:30:27 AM,12AM-2AM,0
C01557509631,20251227,3027,1,20251227,eCom,70734.0,0.3475,OK,12:30:27 AM,12AM-2AM,0
C01557509631,20251227,3027,1,20251227,eCom,502008.0,0.129021991,OK,12:30:27 AM,12AM-2AM,0
C01557509631,20251227,3027,1,20251227,eCom,502012.0,0.157378472,OK,12:30:27 AM,12AM-2AM,0
C01557509631,20251227,3027,1,20251227,eCom,295496.0,0.178190972,OK,12:30:27 AM,12AM-2AM,0
C01557515826,20251227,3027,1,20251227,eCom,10914.0,0.044236111,OK,12:30:27 AM,12AM-2AM,0
C01557515826,20251227,3027,1,20251227,eCom,391422.0,0.403484375,OK,12:30:27 AM,12AM-2AM,0
C01557509139,20251227,3027,1,20251227,eCom,342266.0,0.254527778,OK,12:30:27 AM,12AM-2AM,0
C01557514902,20251227,3328,1,20251227,eCom,839333.0,0.220802083,OK,12:33:28 AM,12AM-2AM,0
C01557515347,20251227,3328,1,20251227,eCom,1146724.0,0.244508102,OK,12:33:28 AM,12AM-2AM,0
C01557511101,20251227,3328,1,20251227,eCom,567131.0,0.379427083,OK,12:33:28 AM,12AM-2AM,0
C01557514902,20251227,3328,1,20251227,eCom,1050365.0,0.145651042,OK,12:33:28 AM,12AM-2AM,0
C01557515347,20251227,3328,1,20251227,eCom,834378.0,0.062523148,OK,12:33:28 AM,12AM-2AM,0
C01557510130,20251227,3328,1,20251227,eCom,65738.0,0.168987847,OK,12:33:28 AM,12AM-2AM,0
C01557511607,20251227,3328,1,20251228,eCom,923519.0,0.2145,OK,12:33:28 AM,12AM-2AM,0
C01557515835,20251227,3328,1,20251228,eCom,68708.0,0.340447917,OK,12:33:28 AM,12AM-2AM,0
C01557515835,20251227,3328,0,20251228,eCom,27596.0,0.437395833,OK,12:33:28 AM,12AM-2AM,0
C01557515835,20251227,3328,1,20251228,eCom,1060439.0,0.135633681,OK,12:33:28 AM,12AM-2AM,0
C01557510613,20251227,3328,1,20251227,eCom,392117.0,0.057194444,OK,12:33:28 AM,12AM-2AM,0
C01556963266,20251227,3328,1,20251227,eCom,1065833.0,0.226499421,OK,12:33:28 AM,12AM-2AM,0
C01557510613,20251227,3328,1,20251227,eCom,793326.0,0.058,OK,12:33:28 AM,12AM-2AM,0
C01556918530,20251227,3328,1,20251228,eCom,197533.0,0.329190394,OK,12:33:28 AM,12AM-2AM,0
C01557514414,20251227,3328,1,20251227,eCom,376816.0,0.211762153,OK,12:33:28 AM,12AM-2AM,0
C01557508172,20251227,3328,1,20251227,eCom,907467.0,0.119109375,OK,12:33:28 AM,12AM-2AM,0
C01557515836,20251227,3328,1,20251227,eCom,748450.0,0.268125,OK,12:33:28 AM,12AM-2AM,0
P00001027049644,20251227,3328,1,20251227,eCom,720020.0,0.235180556,OK,12:33:28 AM,12AM-2AM,0
C01557510134,20251227,3328,1,20251227,eCom,1135401.0,0.072569444,OK,12:33:28 AM,12AM-2AM,0
C01557510613,20251227,3328,1,20251227,eCom,401339.0,0.054833333,OK,12:33:28 AM,12AM-2AM,0
C01557510134,20251227,3328,1,20251227,eCom,1135807.0,0.05965625,OK,12:33:28 AM,12AM-2AM,0
C01557511607,20251227,3328,1,20251228,eCom,1058400.0,0.243298611,OK,12:33:28 AM,12AM-2AM,0
C01557511607,20251227,3328,0,20251228,eCom,923398.0,0.297916667,OK,12:33:28 AM,12AM-2AM,0
C01557154728,20251227,3328,1,20251228,eCom,977172.0,0.18346875,OK,12:33:28 AM,12AM-2AM,0
C01556907533,20251227,3328,1,20251228,eCom,203879.0,0.155772569,OK,12:33:28 AM,12AM-2AM,0
C01557515349,20251227,3328,1,20251227,eCom,7513.0,0.197465278,OK,12:33:28 AM,12AM-2AM,0
C01557515347,20251227,3328,1,20251227,eCom,1146650.0,0.198414352,OK,12:33:28 AM,12AM-2AM,0
C01557515347,20251227,3328,1,20251227,eCom,1146559.0,0.197847222,OK,12:33:28 AM,12AM-2AM,0
C01557510130,20251227,3328,1,20251227,eCom,914388.0,0.026479167,OK,12:33:28 AM,12AM-2AM,0
